date,time,fileName
24/11/2011,19:28,Wiz-SII-Ha-OII.fit
30/11/2012,22:39,wiz-SII
03/09/2013,19:13,WizardSII.fit
03/09/2013,19:21,WizardOIII.fit
03/09/2013,19:21,WizardHa.fit
05/09/2013,11:27,Wizard3-002SII.fit
05/09/2013,11:23,Wizard3-002OIII.fit
05/09/2013,11:20,Wizard3-002Ha.fit
05/09/2013,11:26,Wizard3-001SII.fit
05/09/2013,11:23,Wizard3-001OIII.fit
05/09/2013,11:20,Wizard3-001Ha.fit
04/09/2013,04:43,Wizard2-003Ha.fit
05/09/2013,11:26,Wizard2-002SII.fit
05/09/2013,11:23,Wizard2-002OIII.fit
05/09/2013,11:20,Wizard2-002Ha.fit
05/09/2013,11:27,Wizard2-001SII.fit
05/09/2013,11:23,Wizard2-001OIII.fit
05/09/2013,11:20,Wizard2-001Ha.fit
03/09/2013,19:10,wizard-003OIII.fit
03/09/2013,19:07,wizard-003Ha.fit
03/09/2013,19:12,wizard-002SII.fit
03/09/2013,19:10,wizard-002OIII.fit
03/09/2013,19:07,wizard-002Ha.fit
03/09/2013,19:12,wizard-001SII.fit
03/09/2013,19:10,wizard-001OIII.fit
03/09/2013,19:07,wizard-001Ha.fit
05/09/2013,11:26,Wiz2SII
09/10/2013,21:52,Veil-SII.fit
09/10/2013,21:52,Veil-OIII.fit
24/10/2012,19:17,Veil-Ha-OIII-SII.fit
09/10/2013,21:53,Veil-Ha.fit
21/10/2012,21:56,Veil600-Hax2.fit
18/10/2012,23:07,Veil300-SIIz.fit
19/10/2012,10:08,Veil300-SII-Ha-OIII.fit
18/10/2012,23:00,Veil300-SII.fit
18/10/2012,23:13,Veil300-OIII.fit
18/10/2012,22:54,Veil300-Ha.fit
18/10/2012,22:49,Veil200-OIII.fit
21/10/2012,22:49,Veil-002OIII.fit
21/10/2012,22:39,Veil-002Ha.fit
21/10/2012,22:28,Veil-001SII.fit
21/10/2012,22:18,Veil-001OIII.fit
21/10/2012,22:08,Veil-001Ha.fit
13/07/2013,02:55,Veil.fit
17/01/2013,00:01,val.fit
15/07/2013,19:22,TWOcolour.fit
03/09/2013,16:55,TulipSII.fit
05/09/2013,14:02,TulipSII
03/09/2013,16:55,TulipOIII.fit
03/09/2013,16:54,TulipHa.fit
05/09/2013,14:02,Tulipchanged-007SII.fit
05/09/2013,13:59,Tulipchanged-007OIII.fit
05/09/2013,13:56,Tulipchanged-007Ha.fit
05/09/2013,14:02,Tulipchanged-006SII.fit
05/09/2013,13:59,Tulipchanged-006OIII.fit
05/09/2013,13:56,Tulipchanged-006Ha.fit
05/09/2013,14:02,Tulipchanged-005SII.fit
05/09/2013,13:59,Tulipchanged-005OIII.fit
05/09/2013,13:56,Tulipchanged-005Ha.fit
05/09/2013,14:02,Tulipchanged-004SII.fit
05/09/2013,13:59,Tulipchanged-004OIII.fit
05/09/2013,13:56,Tulipchanged-004Ha.fit
05/09/2013,14:02,Tulipchanged-003SII.fit
05/09/2013,13:59,Tulipchanged-003OIII.fit
05/09/2013,13:56,Tulipchanged-003Ha.fit
03/09/2013,16:37,tulip-003Ha.fit
03/09/2013,16:52,tulip-002SII.fit
03/09/2013,16:39,tulip-002OIII.fit
03/09/2013,16:37,tulip-002Ha.fit
03/09/2013,16:52,tulip-001SII.fit
03/09/2013,16:38,tulip-001OIII.fit
03/09/2013,16:37,tulip-001Ha.fit
18/02/2013,01:14,trio-002R.fit
18/02/2013,01:19,trio-002G.fit
18/02/2013,20:41,trio-001L-LRGB.fit
18/02/2013,01:09,trio-001L.fit
18/02/2013,00:59,trio-001G.fit
18/02/2013,01:04,trio-001B.fit
22/08/2015,11:25,TricomHa.fit
16/09/2015,01:42,Triangle-005Ha.fit
16/09/2015,01:22,Triangle-004Ha.fit
16/09/2015,01:00,Triangle-003Ha.fit
16/09/2015,00:40,Triangle-002Ha.fit
16/09/2015,00:20,Triangle-001Ha.fit
27/08/2014,15:26,totRGB.fit
08/04/2015,12:24,totL.fit
08/04/2015,12:34,totL.fit
27/08/2014,15:10,totHa.fit
06/05/2013,20:09,Total-RGB.fit
26/10/2013,16:46,totalHa.fit
10/04/2015,05:14,T-LRGBdp.fit
10/04/2015,19:44,T-LRGB3.fit
10/04/2015,05:23,T-LRGB2.fit
10/04/2015,04:53,TL
10/04/2015,19:46,TL
07/02/2013,22:42,third.fit
10/04/2015,16:22,TB1-RGB.fit
10/04/2015,19:46,TB1-R.fit
10/04/2015,19:46,TB1-G.fit
10/04/2015,19:46,TB1-B.fit
16/02/2016,14:18,TadsICC410
03/12/2014,12:18,TadpolesSII.fit
03/12/2014,12:31,TadpolesOIII.fit
11/08/2012,11:10,stackS.fit
06/11/2014,22:05,stack-RGBpoint
06/11/2014,20:25,stack-RGBddp.fit
17/04/2014,09:34,stackRGBddp.fit
14/09/2013,22:17,stack-RGB22.fit
14/09/2013,21:41,stack-RGB121HaB1.fit
25/01/2013,01:27,stack-RGB.fit
11/08/2012,11:27,stack-RGB.fit
11/03/2014,16:25,stack-RGB.fit
06/11/2014,20:22,stack-RGB.fit
12/08/2012,14:43,stackRaw-RGB.fit
11/08/2012,12:36,stack-R.fit
15/04/2014,18:31,stackR.fit
24/03/2014,19:22,stack-R
12/03/2014,13:58,stackR
12/03/2014,13:58,stackLRGBddp.fit
18/12/2012,14:55,stack-LRGB3.fit
18/12/2012,14:11,stack-LRGB.fit
11/03/2014,16:31,stack-LRGB.fit
15/04/2014,18:17,stackLRGB.fit
12/03/2014,13:08,stackLRGB.fit
15/04/2014,16:25,stackL.fit
12/03/2014,12:51,stackL
11/08/2012,23:19,Stack-G.fit
27/09/2012,21:56,stackddp.fit
14/05/2015,03:15,stackddp.fit
22/07/2016,21:49,stackddp.fit
11/08/2012,23:19,stack-B.fit
09/08/2012,10:10,stack2.fit
16/09/2012,13:48,stack.fit
05/09/2012,00:35,stack.fit
17/09/2013,13:53,stack.fit
11/08/2012,11:46,stack.fit
06/11/2014,20:18,stack.fit
01/04/2016,18:07,stack.fit
20/02/2015,04:29,stack.fit
15/10/2013,21:05,stack.fit
14/05/2015,03:12,stack.fit
22/07/2016,21:39,stack.fit
26/10/2013,16:45,Soul-IC1848total
08/10/2013,20:38,Soul-IC1848-OIII.fit
08/10/2013,20:38,Soul-IC1848-Ha.fit
08/10/2013,20:01,SOULIC1848-007SII.fit
08/10/2013,19:55,SOULIC1848-007OIII.fit
08/10/2013,19:52,SOULIC1848-007Ha.fit
08/10/2013,20:00,SOULIC1848-006SII.fit
08/10/2013,19:54,SOULIC1848-006OIII.fit
08/10/2013,19:52,SOULIC1848-006Ha.fit
08/10/2013,20:00,SOULIC1848-005SII.fit
08/10/2013,19:54,SOULIC1848-005OIII.fit
08/10/2013,20:00,SOULIC1848-004SII.fit
08/10/2013,19:54,SOULIC1848-004OIII.fit
08/10/2013,19:52,SOULIC1848-004Ha.fit
08/10/2013,20:00,SOULIC1848-003SII.fit
08/10/2013,19:54,SOULIC1848-003OIII.fit
08/10/2013,19:52,SOULIC1848-003Ha.fit
08/10/2013,20:00,SOULIC1848-002SII.fit
08/10/2013,19:54,SOULIC1848-002OIII.fit
08/10/2013,19:52,SOULIC1848-002Ha.fit
08/10/2013,20:00,SOULIC1848-001SII.fit
08/10/2013,19:55,SOULIC1848-001OIII.fit
08/10/2013,19:53,SOULIC1848-001Ha.fit
08/10/2013,20:00,Soul-IC1448-SII.fit
29/02/2012,22:03,sim147-300ha.fit
12/10/2015,05:50,SIIstackx8
08/10/2014,20:27,SIIstack-RGB
23/01/2016,16:02,SIIstack-RGB
23/01/2016,16:07,SIIstack-RGB
06/11/2014,20:08,SIIstack.fit
16/09/2015,21:04,SIIstack.fit
19/04/2015,21:32,SIIstack.fit
23/06/2014,22:24,SIIstack.fit
16/09/2015,15:00,SIIstack.fit
20/07/2013,11:01,SIIstack.fit
20/07/2013,18:57,SIIstack
26/09/2015,18:11,SIIstack
06/11/2014,01:04,SIIstack
03/12/2014,13:58,SII-RGBtot
03/12/2014,14:01,SII-RGBtot
18/11/2012,16:26,SII-Ha-OIII.fit
06/12/2012,22:26,SII.fit
23/11/2015,03:10,SII.fit
19/11/2012,20:31,SII.fit
15/12/2012,19:12,shox3.fit
07/08/2014,07:23,SHO-RGBddp.fit
01/03/2014,12:55,SHO-RGBddp.fit
07/08/2014,07:27,SHO-RGB.fit
16/05/2014,19:36,SHO-RGB.fit
01/03/2014,12:55,SHO-RGB.fit
26/09/2015,17:54,SHOddp.fit
10/01/2014,00:32,SHOddp.fit
19/04/2015,21:32,SHOddp.fit
09/10/2013,21:03,SHOdddp.fit
03/09/2014,13:37,SHO.fit
26/09/2015,17:52,SHO.fit
10/01/2014,00:29,SHO.fit
20/07/2013,19:10,SHO.fit
05/12/2015,22:03,sho.fit
20/01/2014,19:45,SHO.fit
20/12/2013,14:07,SHO.fit
19/04/2015,14:27,SHO.fit
23/06/2014,22:21,SHO.fit
20/07/2013,11:00,SHO.fit
21/10/2014,15:13,Sh2---stack.fit
12/09/2012,14:06,sh157-003R.fit
12/09/2012,14:04,sh157-003G.fit
12/09/2012,14:02,sh157-003B.fit
12/09/2012,14:05,sh157-002R.fit
12/09/2012,14:04,sh157-002G.fit
12/09/2012,14:03,sh157-002B.fit
12/09/2012,14:06,sh157-001R.fit
12/09/2012,14:04,sh157-001G.fit
12/09/2012,14:03,sh157-001B.fit
07/02/2013,22:33,second.fit
26/09/2014,18:21,Rstack
25/09/2014,11:56,Rstack
02/04/2016,16:31,Rstack
01/03/2014,13:26,Rstack
17/02/2015,15:21,RR-004R.fit
17/02/2015,15:23,RR-004L.fit
17/02/2015,15:18,RR-004G.fit
17/02/2015,15:12,RR-004B.fit
17/02/2015,15:20,RR-003R.fit
17/02/2015,15:22,RR-003L.fit
17/02/2015,15:18,RR-003G.fit
17/02/2015,15:12,RR-003B.fit
17/02/2015,14:24,RR-002R.fit
17/02/2015,15:20,RR-002R.fit
17/02/2015,15:22,RR-002L.fit
17/02/2015,15:18,RR-002G.fit
17/02/2015,15:12,RR-002B.fit
17/02/2015,14:23,RR-001R.fit
17/02/2015,15:20,RR-001R.fit
17/02/2015,14:23,RR-001L.fit
17/02/2015,15:22,RR-001L.fit
20/02/2015,13:17,RR-001Ha.fit
17/02/2015,14:23,RR-001G.fit
17/02/2015,15:18,RR-001G.fit
17/02/2015,14:23,RR-001B.fit
17/02/2015,15:12,RR-001B.fit
31/07/2013,22:41,RGBSIIHaOIII.fit
31/07/2013,23:50,RGBSII.fit
07/08/2014,07:49,RGB-shototalddp.fit
07/08/2014,07:46,RGB-shototal.fit
12/10/2015,15:59,RGBshoddp.fit
16/09/2015,20:58,RGBSHOddp.fit
16/09/2015,14:59,RGBSHOddp.fit
12/10/2015,18:31,RGBsho2ddp.fit
12/10/2015,16:09,RGBsho2.fit
16/09/2015,20:10,RGBSHO.fit
16/09/2015,14:53,RGBSHO.fit
05/09/2013,11:31,RGBSHO.fit
23/09/2013,02:57,RGBSHO
23/09/2013,02:59,RGBSHO
23/09/2013,02:34,RGBSHO
07/08/2014,07:43,RGBsho
13/10/2015,19:15,RGBSHO
08/10/2014,20:13,RGBSHO
05/09/2013,14:06,RGBSHO
05/09/2013,12:58,RGBSHO
16/09/2015,21:02,RGBSH2O.fit
23/09/2013,22:28,RGBS2HO.fit
16/09/2015,14:51,RGBHOSddp.fit
24/09/2013,19:49,RGBHOS.fit
12/10/2015,18:32,RGBHOS.fit
10/01/2014,16:25,RGBHOS.fit
16/09/2015,20:08,RGBHOS.fit
16/09/2015,14:48,RGBHOS.fit
27/08/2014,13:46,RGBddp.fit
07/08/2015,17:57,RGBddp.fit
02/12/2013,21:14,RGB2.fit
24/11/2012,10:29,RGB-1.fit
27/08/2014,12:11,RGB.fit
13/10/2015,20:58,RGB.fit
22/11/2013,23:07,RGB.fit
09/03/2015,03:43,RGB.fit
28/11/2014,17:04,RGB.fit
27/03/2015,13:08,RGB.fit
22/03/2015,13:45,RGB.fit
01/03/2014,16:43,RGB.fit
09/03/2015,11:54,RGB.fit
24/11/2012,04:35,RGB.fit
27/02/2015,18:40,RGB.fit
07/08/2015,17:53,RGB.fit
04/11/2013,22:49,red.fit
08/04/2015,18:59,R.fit
09/03/2015,03:43,R.fit
20/04/2014,11:46,R.fit
24/11/2014,00:04,R.fit
22/03/2015,13:52,R.fit
27/02/2015,18:41,R.fit
16/09/2015,01:52,PTriangle-005SII.fit
16/09/2015,01:47,PTriangle-005OIII.fit
16/09/2015,01:32,PTriangle-004SII.fit
16/09/2015,01:27,PTriangle-004OIII.fit
16/09/2015,01:11,PTriangle-003SII.fit
16/09/2015,01:05,PTriangle-003OIII.fit
16/09/2015,00:50,PTriangle-002SII.fit
16/09/2015,00:45,PTriangle-002OIII.fit
16/09/2015,00:30,PTriangle-001SII.fit
16/09/2015,00:25,PTriangle-001OIII.fit
25/03/2012,23:01,pk64-300L.fit
09/04/2013,12:59,PK164-OIII.fit
09/04/2013,12:58,PK164-Ha.fit
07/04/2013,10:30,PK164-007OIII.fit
07/04/2013,10:28,PK164-007Ha.fit
07/04/2013,10:30,PK164-006OIII.fit
07/04/2013,10:28,PK164-006Ha.fit
07/04/2013,10:30,PK164-005OIII.fit
19/07/2016,10:55,Pel-012Ha.fit
19/07/2016,10:55,Pel-011Ha.fit
19/07/2016,10:55,Pel-010Ha.fit
19/07/2016,10:55,Pel-009Ha.fit
19/07/2016,10:55,Pel-008Ha.fit
19/07/2016,10:55,Pel-007Ha.fit
19/07/2016,10:55,Pel-006Ha.fit
19/07/2016,10:55,Pel-005Ha.fit
19/07/2016,10:55,Pel-004Ha.fit
19/07/2016,10:55,Pel-003Ha.fit
19/07/2016,10:55,Pel-002Ha.fit
23/11/2015,03:00,pacmanoiii
06/10/2012,22:09,Pacman-300sL.fit
23/11/2015,02:07,pacman-007OIII.fit
23/11/2015,01:57,pacman-006SII.fit
23/11/2015,01:47,pacman-006OIII.fit
23/11/2015,01:37,pacman-005SII.fit
23/11/2015,01:27,pacman-005OIII.fit
23/11/2015,01:16,pacman-004SII.fit
23/11/2015,01:06,pacman-004OIII.fit
23/11/2015,00:56,pacman-003SII.fit
23/11/2015,00:46,pacman-003OIII.fit
23/11/2015,00:36,pacman-002SII.fit
23/11/2015,00:26,pacman-002OIII.fit
23/11/2015,00:16,pacman-001SII.fit
23/11/2015,00:06,pacman-001OIII.fit
02/05/2013,18:54,OIIITotal.fit
13/07/2013,20:49,OIIIstackddp.fit
06/11/2014,22:51,OIIIstack.fit
16/09/2015,21:04,OIIIstack.fit
19/04/2015,21:32,OIIIstack.fit
23/06/2014,22:25,OIIIstack.fit
16/09/2015,15:00,OIIIstack.fit
31/07/2013,22:44,OIIIstack.fit
20/07/2013,18:56,OIIIstack
12/10/2015,05:50,OIIIstack
26/09/2015,18:12,OIIIstack
09/03/2015,13:05,OIII.fit
23/11/2015,03:10,OIII.fit
27/02/2015,18:41,OIII.fit
06/12/2012,22:24,OII.fit
02/10/2013,11:22,ofNGC891-002G.fit
02/10/2013,00:21,ofNGC891-001R.fit
06/05/2013,22:00,NGC-Green.fit
10/12/2012,22:11,NGC896-600sHa.fit
02/10/2013,11:21,NGC891-004R.fit
02/10/2013,11:21,NGC891-003R.fit
02/10/2013,11:22,NGC891-003G.fit
23/06/2014,01:45,NGC7637-003SII.fit
23/06/2014,01:35,NGC7637-003OIII.fit
23/06/2014,01:15,NGC7637-002SII.fit
23/06/2014,01:05,NGC7637-002OIII.fit
23/06/2014,00:45,NGC7637-001SII.fit
23/06/2014,00:35,NGC7637-001OIII.fit
27/08/2014,00:06,NGC7635-006SII.fit
26/08/2014,23:56,NGC7635-006OIII.fit
26/08/2014,23:36,NGC7635-005SII.fit
26/08/2014,23:26,NGC7635-005OIII.fit
26/08/2014,23:06,NGC7635-004SII.fit
27/08/2014,00:58,NGC7635-004R.fit
26/08/2014,22:56,NGC7635-004OIII.fit
27/08/2014,01:03,NGC7635-004G.fit
27/08/2014,01:08,NGC7635-004B.fit
26/08/2014,22:28,NGC7635-003SII.fit
27/08/2014,00:43,NGC7635-003R.fit
26/08/2014,22:18,NGC7635-003OIII.fit
27/08/2014,00:48,NGC7635-003G.fit
27/08/2014,00:53,NGC7635-003B.fit
26/08/2014,21:58,NGC7635-002SII.fit
27/08/2014,00:28,NGC7635-002R.fit
26/08/2014,21:48,NGC7635-002OIII.fit
27/08/2014,00:33,NGC7635-002G.fit
27/08/2014,00:38,NGC7635-002B.fit
26/08/2014,21:28,NGC7635-001SII.fit
27/08/2014,00:12,NGC7635-001R.fit
26/08/2014,21:18,NGC7635-001OIII.fit
27/08/2014,00:17,NGC7635-001G.fit
27/08/2014,00:22,NGC7635-001B.fit
27/08/2014,03:29,NGC7023-005R.fit
27/08/2014,03:34,NGC7023-005G.fit
27/08/2014,03:39,NGC7023-005B.fit
27/09/2014,02:36,NGC7023-004R.fit
27/09/2014,02:41,NGC7023-004G.fit
27/09/2014,02:46,NGC7023-004B.fit
27/09/2014,02:10,NGC7023-003R.fit
27/09/2014,02:15,NGC7023-003G.fit
27/09/2014,02:21,NGC7023-003B.fit
27/09/2014,01:45,NGC7023-002R.fit
27/09/2014,01:50,NGC7023-002G.fit
27/09/2014,01:55,NGC7023-002B.fit
27/09/2014,01:20,NGC7023-001R.fit
27/09/2014,01:25,NGC7023-001G.fit
27/09/2014,01:30,NGC7023-001B.fit
06/11/2014,01:00,NGC7000SII
05/11/2014,19:21,ngc7000OIII
07/04/2015,05:00,NGC7000Hastack
07/04/2015,05:02,NGC7000Ha.fit
05/11/2014,22:13,NGC7000-009SII.fit
06/11/2014,00:56,NGC7000-009OIII.fit
05/11/2014,21:53,NGC7000-008SII.fit
06/11/2014,00:55,NGC7000-008OIII.fit
06/11/2014,20:08,NGC7000-007SII.fit
06/11/2014,00:55,NGC7000-007OIII.fit
06/11/2014,20:08,NGC7000-006SII.fit
06/11/2014,00:55,NGC7000-006OIII.fit
06/11/2014,20:08,NGC7000-005SII.fit
06/11/2014,00:56,NGC7000-005OIII.fit
06/11/2014,20:08,NGC7000-004SII.fit
06/11/2014,00:56,NGC7000-004OIII.fit
06/11/2014,20:08,NGC7000-003SII.fit
06/11/2014,00:56,NGC7000-003OIII.fit
06/11/2014,20:08,NGC7000-002SII.fit
06/11/2014,00:56,NGC7000-002OIII.fit
26/09/2014,22:32,NGC7000-001SII.fit
06/11/2014,00:56,NGC7000-001OIII.fit
19/04/2015,14:19,NGC6992-002SII.fit
19/04/2015,14:17,NGC6992-002OIII.fit
19/04/2015,14:18,NGC6992-001SII.fit
19/04/2015,14:17,NGC6992-001OIII.fit
16/05/2014,02:48,NGC6888-004SII.fit
16/05/2014,02:38,NGC6888-004OIII.fit
16/05/2014,02:17,NGC6888-003SII.fit
16/05/2014,01:47,NGC6888-002SII.fit
16/05/2014,01:17,NGC6888-001SII.fit
20/06/2014,21:12,NGC6820SII
22/06/2014,10:06,NGC6820new
22/06/2014,10:08,NGC6820new
22/06/2014,10:13,NGC6820new
20/06/2014,01:58,NGC6820-006SII.fit
20/06/2014,01:48,NGC6820-006OIII.fit
15/09/2015,22:54,NGC6820-005SII.fit
16/09/2015,19:15,NGC6820-005OIII.fit
16/09/2015,19:49,NGC6820-004SII.fit
16/09/2015,19:14,NGC6820-004OIII.fit
16/09/2015,19:49,NGC6820-003SII.fit
16/09/2015,19:14,NGC6820-003OIII.fit
16/09/2015,19:49,NGC6820-002SII.fit
16/09/2015,19:15,NGC6820-002OIII.fit
16/09/2015,19:49,NGC6820-001SII.fit
16/09/2015,19:15,NGC6820-001OIII.fit
02/05/2013,10:57,ngc6543-006OIII.fit
02/05/2013,10:55,ngc6543-006Ha.fit
02/05/2013,10:57,ngc6543-005OIII.fit
02/05/2013,10:55,ngc6543-005Ha.fit
02/05/2013,10:57,ngc6543-004OIII.fit
02/05/2013,10:55,ngc6543-004Ha.fit
02/05/2013,10:57,ngc6543-003OIII.fit
02/05/2013,10:55,ngc6543-003Ha.fit
02/05/2013,10:57,ngc6543-002OIII.fit
02/05/2013,10:55,ngc6543-002Ha.fit
02/05/2013,10:57,ngc6543-001OIII.fit
02/05/2013,10:55,ngc6543-001Ha.fit
12/03/2014,04:44,NGC3718-009R.fit
12/03/2014,13:00,NGC3718-008R.fit
12/03/2014,12:58,NGC3718-008G.fit
12/03/2014,12:55,NGC3718-008B.fit
12/03/2014,13:00,NGC3718-007R.fit
12/03/2014,12:57,NGC3718-007G.fit
12/03/2014,12:54,NGC3718-007B.fit
12/03/2014,13:00,NGC3718-006R.fit
12/03/2014,12:57,NGC3718-006G.fit
12/03/2014,12:54,NGC3718-006B.fit
12/03/2014,13:00,NGC3718-005R.fit
12/03/2014,12:57,NGC3718-005G.fit
12/03/2014,12:55,NGC3718-005B.fit
12/03/2014,13:00,NGC3718-004R.fit
12/03/2014,12:57,NGC3718-004G.fit
12/03/2014,12:55,NGC3718-004B.fit
12/03/2014,13:00,NGC3718-003R.fit
12/03/2014,12:58,NGC3718-003G.fit
12/03/2014,12:55,NGC3718-003B.fit
12/03/2014,13:00,NGC3718-002R.fit
12/03/2014,12:58,NGC3718-002G.fit
12/03/2014,12:55,NGC3718-002B.fit
12/03/2014,13:00,NGC3718-001R.fit
12/03/2014,12:58,NGC3718-001G.fit
12/03/2014,12:55,NGC3718-001B.fit
17/01/2015,01:51,NGC3190-002R.fit
18/02/2013,00:18,NGC3190-002G.fit
18/02/2013,00:23,NGC3190-002B.fit
17/01/2015,01:26,NGC3190-001R.fit
17/01/2015,01:31,NGC3190-001G.fit
17/01/2015,01:36,NGC3190-001B.fit
07/02/2013,01:38,NGC2903L600sB2.fit
07/02/2013,01:43,NGC2903L600sB1
30/12/2014,05:13,NGC2903-004R.fit
30/12/2014,05:17,NGC2903-004G.fit
30/12/2014,05:20,NGC2903-004B.fit
30/12/2014,04:53,NGC2903-003R.fit
30/12/2014,04:56,NGC2903-003G.fit
30/12/2014,05:00,NGC2903-003B.fit
30/12/2014,04:33,NGC2903-002R.fit
30/12/2014,04:36,NGC2903-002G.fit
30/12/2014,04:39,NGC2903-002B.fit
30/12/2014,04:12,NGC2903-001R.fit
30/12/2014,04:16,NGC2903-001G.fit
30/12/2014,04:19,NGC2903-001B.fit
09/03/2015,11:46,NGC2403R
09/03/2015,11:47,NGC2403-008R.fit
09/03/2015,11:45,NGC2403-008G.fit
09/03/2015,11:42,NGC2403-008B.fit
09/03/2015,11:47,NGC2403-007R.fit
09/03/2015,11:44,NGC2403-007G.fit
09/03/2015,11:42,NGC2403-007B.fit
09/03/2015,11:47,NGC2403-006R.fit
09/03/2015,11:44,NGC2403-006G.fit
09/03/2015,11:42,NGC2403-006B.fit
09/03/2015,11:47,NGC2403-005R.fit
09/03/2015,11:44,NGC2403-005G.fit
09/03/2015,11:42,NGC2403-005B.fit
09/03/2015,11:47,NGC2403-004R.fit
09/03/2015,11:44,NGC2403-004G.fit
09/03/2015,11:42,NGC2403-004B.fit
09/03/2015,11:47,NGC2403-003R.fit
09/03/2015,11:44,NGC2403-003G.fit
09/03/2015,11:42,NGC2403-003B.fit
09/03/2015,11:47,NGC2403-002R.fit
09/03/2015,11:44,NGC2403-002G.fit
09/03/2015,11:42,NGC2403-002B.fit
09/03/2015,11:47,NGC2403-001R.fit
09/03/2015,11:44,NGC2403-001G.fit
09/03/2015,11:42,NGC2403-001B.fit
24/11/2014,19:47,NGC2264-LRGB.fit
24/11/2014,19:36,NGC2264-004OIII.fit
24/11/2014,19:40,NGC2264-003SII.fit
24/11/2014,19:36,NGC2264-003OIII.fit
24/11/2014,19:40,NGC2264-002SII.fit
24/11/2014,19:36,NGC2264-002OIII.fit
24/11/2014,19:40,NGC2264-001SII.fit
24/11/2014,19:36,NGC2264-001OIII.fit
03/12/2014,14:01,NGC1499tot
03/12/2014,11:43,NGC1499SII.fit
04/12/2014,21:39,NGC1499S2.fit
04/12/2014,21:45,NGC1499O3.fit
04/12/2014,21:42,NGC1499-2Ha.fit
03/12/2014,11:42,NGC1499-006SII.fit
03/12/2014,11:57,NGC1499-006OIII.fit
03/12/2014,11:42,NGC1499-005SII.fit
03/12/2014,11:52,NGC1499-005OIII.fit
03/12/2014,11:42,NGC1499-004SII.fit
03/12/2014,11:53,NGC1499-004OIII.fit
03/12/2014,11:42,NGC1499-003SII.fit
03/12/2014,11:57,NGC1499-003OIII.fit
03/12/2014,11:42,NGC1499-002SII.fit
03/12/2014,11:57,NGC1499-002OIII.fit
03/12/2014,11:42,NGC1499-001SII.fit
03/12/2014,11:57,NGC1499-001OIII.fit
24/11/2014,04:47,NGC1499.fit
24/11/2014,03:58,NGC1333-004R.fit
24/11/2014,04:03,NGC1333-004G.fit
24/11/2014,04:08,NGC1333-004B.fit
24/11/2014,03:33,NGC1333-003R.fit
24/11/2014,03:38,NGC1333-003G.fit
24/11/2014,03:43,NGC1333-003B.fit
24/11/2014,03:07,NGC1333-002R.fit
24/11/2014,03:12,NGC1333-002G.fit
24/11/2014,03:17,NGC1333-002B.fit
24/11/2014,02:42,NGC1333-001R.fit
24/11/2014,02:47,NGC1333-001G.fit
24/11/2014,02:52,NGC1333-001B.fit
14/03/2014,21:29,newSHOddp.fit
14/03/2014,21:25,newSHO.fit
01/04/2016,03:08,N-004Ha.fit
01/04/2016,02:48,N-003Ha.fit
01/04/2016,02:28,N-002Ha.fit
01/04/2016,02:07,N-001Ha.fit
01/05/2015,02:35,MN190.fit
20/04/2014,12:01,MM81-82-007R.fit
20/04/2014,11:55,MM81-82-007G.fit
20/04/2014,11:53,MM81-82-007B.fit
20/04/2014,12:00,MM81-82-006R.fit
20/04/2014,11:55,MM81-82-006G.fit
20/04/2014,11:53,MM81-82-006B.fit
20/04/2014,12:01,MM81-82-005R.fit
20/04/2014,11:55,MM81-82-005G.fit
20/04/2014,11:53,MM81-82-005B.fit
20/04/2014,12:01,MM81-82-004R.fit
20/04/2014,11:55,MM81-82-004G.fit
20/04/2014,11:53,MM81-82-004B.fit
20/04/2014,12:01,MM81-82-003R.fit
20/04/2014,11:55,MM81-82-003G.fit
20/04/2014,11:53,MM81-82-003B.fit
20/04/2014,12:01,MM81-82-002R.fit
20/04/2014,11:55,MM81-82-002G.fit
20/04/2014,11:53,MM81-82-002B.fit
20/04/2014,12:01,MM81-82-001R.fit
20/04/2014,11:55,MM81-82-001G.fit
20/04/2014,11:53,MM81-82-001B.fit
08/08/2013,00:56,MF-001HaB1.fit
01/12/2014,10:09,maxval.fit
06/09/2012,13:53,MaxVal.fit
20/04/2014,22:55,M97stack.fit
04/03/2012,21:23,m97-300sOIII.fit
08/04/2015,16:22,M97-004R.fit
08/04/2015,16:20,M97-004G.fit
08/04/2015,16:19,M97-004B.fit
08/04/2015,16:22,M97-003R.fit
08/04/2015,16:20,M97-003G.fit
08/04/2015,16:19,M97-003B.fit
08/04/2015,16:22,M97-002R.fit
08/04/2015,16:20,M97-002G.fit
08/04/2015,16:19,M97-002B.fit
08/04/2015,16:22,M97-001R.fit
20/04/2014,22:54,M97-001OIII.fit
20/04/2014,22:46,M97-001Ha.fit
08/04/2015,16:20,M97-001G.fit
08/04/2015,16:19,M97-001B.fit
12/03/2014,12:01,M82Ha-012Ha.fit
12/03/2014,12:00,M82Ha-010Ha.fit
12/03/2014,12:00,M82Ha-008Ha.fit
12/03/2014,12:00,M82Ha-007Ha.fit
20/04/2014,11:22,M82Ha-005Ha.fit
20/04/2014,11:22,M82Ha-003Ha.fit
20/04/2014,11:22,M82Ha-002Ha.fit
20/04/2014,11:22,M82Ha-001Ha.fit
18/03/2012,23:22,m82-81.fit
11/03/2014,16:09,M82-018R.fit
11/03/2014,16:06,M82-018G.fit
11/03/2014,16:02,M82-018B.fit
11/03/2014,16:09,M82-017R.fit
11/03/2014,16:05,M82-017G.fit
11/03/2014,16:02,M82-017B.fit
11/03/2014,16:09,M82-016R.fit
11/03/2014,16:05,M82-016G.fit
11/03/2014,16:02,M82-016B.fit
11/03/2014,16:09,M82-015R.fit
11/03/2014,16:05,M82-015G.fit
11/03/2014,16:02,M82-015B.fit
11/03/2014,16:09,M82-014R.fit
11/03/2014,16:05,M82-014G.fit
11/03/2014,16:02,M82-014B.fit
11/03/2014,16:09,M82-013R.fit
11/03/2014,16:06,M82-013G.fit
11/03/2014,16:02,M82-013B.fit
11/03/2014,16:09,M82-012R.fit
11/03/2014,16:06,M82-012G.fit
11/03/2014,16:02,M82-012B.fit
11/03/2014,16:09,M82-011R.fit
11/03/2014,16:06,M82-011G.fit
11/03/2014,16:02,M82-011B.fit
11/03/2014,16:09,M82-010R.fit
11/03/2014,16:06,M82-010G.fit
11/03/2014,00:35,M82-010B.fit
11/03/2014,16:09,M82-009R.fit
11/03/2014,16:06,M82-009G.fit
11/03/2014,16:02,M82-009B.fit
24/03/2014,06:17,M82-008R.fit
24/03/2014,06:13,M82-008G.fit
24/03/2014,06:10,M82-008B.fit
24/03/2014,06:17,M82-007R.fit
24/03/2014,06:12,M82-007G.fit
24/03/2014,06:09,M82-007B.fit
24/03/2014,06:17,M82-006R.fit
24/03/2014,06:12,M82-006G.fit
24/03/2014,06:09,M82-006B.fit
24/03/2014,06:17,M82-005R.fit
24/03/2014,06:12,M82-005G.fit
24/03/2014,06:09,M82-005B.fit
24/03/2014,06:17,M82-004R.fit
24/03/2014,06:13,M82-004G.fit
24/03/2014,06:09,M82-004B.fit
24/03/2014,06:17,M82-003R.fit
24/03/2014,06:13,M82-003G.fit
24/03/2014,06:09,M82-003B.fit
24/03/2014,06:17,M82-002R.fit
24/03/2014,06:13,M82-002G.fit
24/03/2014,06:09,M82-002B.fit
24/03/2014,06:17,M82-001R.fit
24/03/2014,06:13,M82-001G.fit
24/03/2014,06:10,M82-001B.fit
07/04/2015,00:01,M8182x-002R.fit
07/04/2015,00:06,M8182x-002G.fit
06/04/2015,23:36,M8182x-001R.fit
06/04/2015,23:41,M8182x-001G.fit
06/04/2015,23:46,M8182x-001B.fit
28/04/2013,00:29,M81-82-005R.fit
28/04/2013,00:35,M81-82-005G.fit
28/04/2013,02:46,M81-82-004R.fit
07/04/2015,00:52,M8182-004R.fit
28/04/2013,02:44,M81-82-004G.fit
07/04/2015,00:57,M8182-004G.fit
28/04/2013,02:42,M81-82-004B.fit
07/04/2015,01:02,M8182-004B.fit
28/04/2013,02:46,M81-82-003R.fit
07/04/2015,00:26,M8182-003R.fit
28/04/2013,02:44,M81-82-003G.fit
07/04/2015,00:31,M8182-003G.fit
28/04/2013,02:42,M81-82-003B.fit
07/04/2015,00:36,M8182-003B.fit
28/04/2013,02:46,M81-82-002R.fit
07/04/2015,02:56,M8182-002R.fit
28/04/2013,02:44,M81-82-002G.fit
07/04/2015,03:01,M8182-002G.fit
28/04/2013,02:42,M81-82-002B.fit
07/04/2015,00:11,M8182-002B.fit
28/04/2013,02:46,M81-82-001R.fit
07/04/2015,02:31,M8182-001R.fit
28/04/2013,02:44,M81-82-001G.fit
07/04/2015,02:36,M8182-001G.fit
28/04/2013,02:42,M81-82-001B.fit
07/04/2015,02:41,M8182-001B.fit
10/04/2015,05:46,M81-008R.fit
10/04/2015,05:43,M81-008G.fit
10/04/2015,05:40,M81-008B.fit
10/04/2015,05:45,M81-007R.fit
10/04/2015,05:43,M81-007G.fit
10/04/2015,05:40,M81-007B.fit
10/04/2015,05:45,M81-006R.fit
10/04/2015,05:43,M81-006G.fit
10/04/2015,05:40,M81-006B.fit
10/04/2015,05:45,M81-005R.fit
10/04/2015,05:43,M81-005G.fit
10/04/2015,05:40,M81-005B.fit
10/04/2015,05:45,M81-004R.fit
03/04/2013,14:09,M81-004G.fit
03/04/2013,14:07,M81-004B.fit
10/04/2015,05:45,M81-003R.fit
10/04/2015,05:43,M81-003G.fit
10/04/2015,05:40,M81-003B.fit
10/04/2015,05:46,M81-002R.fit
10/04/2015,05:43,M81-002G.fit
10/04/2015,05:40,M81-002B.fit
10/04/2015,05:46,M81-001R.fit
10/04/2015,05:43,M81-001G.fit
10/04/2015,05:40,M81-001B.fit
13/04/2015,12:57,M81
25/09/2014,04:26,M78-002R.fit
25/09/2014,04:31,M78-002G.fit
25/09/2014,04:36,M78-002B.fit
25/09/2014,04:00,M78-001R.fit
25/09/2014,04:05,M78-001G.fit
25/09/2014,04:10,M78-001B.fit
27/03/2015,11:28,M63R
16/02/2016,14:27,M63-007R.fit
16/02/2016,14:25,M63-007G.fit
16/02/2016,14:23,M63-007B.fit
16/02/2016,14:27,M63-006R.fit
16/02/2016,14:25,M63-006G.fit
16/02/2016,14:23,M63-006B.fit
16/02/2016,14:27,M63-005R.fit
16/02/2016,14:25,M63-005G.fit
16/02/2016,14:23,M63-005B.fit
16/02/2016,14:27,M63-004R.fit
16/02/2016,14:25,M63-004G.fit
16/02/2016,14:23,M63-004B.fit
16/02/2016,14:27,M63-003R.fit
16/02/2016,14:25,M63-003G.fit
16/02/2016,14:23,M63-003B.fit
16/02/2016,14:27,M63-002R.fit
16/02/2016,14:25,M63-002G.fit
16/02/2016,14:23,M63-002B.fit
16/02/2016,14:27,M63-001R.fit
16/02/2016,14:25,M63-001G.fit
16/02/2016,14:23,M63-001B.fit
21/05/2012,02:13,M63.fit
16/04/2014,02:30,M57f8-004SII.fit
16/04/2014,02:25,M57f8-004OIII.fit
16/04/2014,02:09,M57f8-003SII.fit
16/04/2014,02:04,M57f8-003OIII.fit
16/04/2014,01:49,M57f8-002SII.fit
16/04/2014,01:44,M57f8-002OIII.fit
16/04/2014,01:19,M57f8-001OIII.fit
25/05/2012,23:01,m57-100sR.fit
18/03/2013,07:20,M57-004R.fit
18/03/2013,07:18,M57-004G.fit
18/03/2013,07:17,M57-004B.fit
18/03/2013,07:20,M57-003R.fit
18/03/2013,07:18,M57-003G.fit
18/03/2013,07:16,M57-003B.fit
18/03/2013,07:20,M57-002R.fit
18/03/2013,07:18,M57-002G.fit
18/03/2013,07:16,M57-002B.fit
18/03/2013,07:20,M57-001R.fit
18/03/2013,07:18,M57-001G.fit
18/03/2013,07:17,M57-001B.fit
07/04/2013,19:50,M51stack.fit
07/04/2013,19:50,M51-stack
21/05/2012,00:33,m51R-600.fit
17/04/2014,09:29,M51-R.fit
17/04/2014,09:30,M51-L.fit
17/04/2014,09:30,M51-G.fit
17/04/2014,09:30,M51-B.fit
21/05/2012,01:11,M51-600L.fit
21/05/2012,00:47,M51-600G.fit
21/05/2012,00:59,M51-600B.fit
01/04/2016,11:51,M51-006R.fit
01/04/2016,11:49,M51-006G.fit
01/04/2016,11:46,M51-006B.fit
01/04/2016,11:51,M51-005R.fit
01/04/2016,11:49,M51-005G.fit
01/04/2016,11:46,M51-005B.fit
01/04/2016,11:51,M51-004R.fit
01/04/2016,11:49,M51-004G.fit
01/04/2016,11:46,M51-004B.fit
01/04/2016,11:51,M51-003R.fit
01/04/2016,11:49,M51-003G.fit
01/04/2016,11:47,M51-003B.fit
01/04/2016,11:51,M51-002R.fit
01/04/2016,11:49,M51-002G.fit
01/04/2016,11:47,M51-002B.fit
01/04/2016,11:50,M51-001R.fit
01/04/2016,11:48,M51-001G.fit
01/04/2016,11:44,M51-001B.fit
11/09/2015,03:31,M45short-008R.fit
11/09/2015,03:31,M45short-008G.fit
11/09/2015,03:32,M45short-008B.fit
11/09/2015,03:29,M45short-007R.fit
11/09/2015,03:30,M45short-007G.fit
11/09/2015,03:30,M45short-007B.fit
11/09/2015,03:28,M45short-006R.fit
11/09/2015,03:28,M45short-006G.fit
11/09/2015,03:29,M45short-006B.fit
11/09/2015,03:26,M45short-005R.fit
11/09/2015,03:27,M45short-005G.fit
11/09/2015,03:27,M45short-005B.fit
11/09/2015,03:25,M45short-004R.fit
11/09/2015,03:25,M45short-004G.fit
11/09/2015,03:25,M45short-004B.fit
11/09/2015,03:23,M45short-003R.fit
11/09/2015,03:23,M45short-003G.fit
11/09/2015,03:24,M45short-003B.fit
11/09/2015,03:21,M45short-002R.fit
11/09/2015,03:22,M45short-002G.fit
11/09/2015,03:22,M45short-002B.fit
11/09/2015,03:20,M45short-001R.fit
11/09/2015,03:20,M45short-001G.fit
11/09/2015,03:20,M45short-001B.fit
23/01/2015,22:58,M45-R.fit
23/01/2015,22:56,M45-G.fit
23/01/2015,22:55,M45-B.fit
11/09/2015,03:00,M45-010R.fit
11/09/2015,03:05,M45-010G.fit
11/09/2015,03:10,M45-010B.fit
11/09/2015,02:40,M45-009R.fit
11/09/2015,02:45,M45-009G.fit
11/09/2015,02:50,M45-009B.fit
11/09/2015,02:20,M45-008R.fit
11/09/2015,02:25,M45-008G.fit
11/09/2015,02:30,M45-008B.fit
11/09/2015,01:59,M45-007R.fit
11/09/2015,02:04,M45-007G.fit
11/09/2015,02:09,M45-007B.fit
11/09/2015,01:36,M45-006R.fit
11/09/2015,01:41,M45-006G.fit
11/09/2015,01:46,M45-006B.fit
11/09/2015,01:16,M45-005R.fit
11/09/2015,01:21,M45-005G.fit
11/09/2015,01:26,M45-005B.fit
11/09/2015,00:56,M45-004R.fit
11/09/2015,01:01,M45-004G.fit
11/09/2015,01:06,M45-004B.fit
11/09/2015,00:36,M45-003R.fit
11/09/2015,00:41,M45-003G.fit
11/09/2015,00:46,M45-003B.fit
11/09/2015,00:29,M45-002R.fit
23/01/2015,22:57,M45-002G.fit
23/01/2015,22:55,M45-002B.fit
12/09/2015,23:44,M45-001R.fit
12/09/2015,23:49,M45-001G.fit
12/09/2015,23:54,M45-001B.fit
08/10/2013,19:23,M42-004R.fit
08/10/2013,19:21,M42-004G.fit
08/10/2013,19:19,M42-004B.fit
08/10/2013,19:23,M42-003R.fit
08/10/2013,19:21,M42-003G.fit
08/10/2013,19:19,M42-003B.fit
08/10/2013,19:23,M42-002R.fit
08/10/2013,19:21,M42-002G.fit
08/10/2013,19:19,M42-002B.fit
08/10/2013,19:23,M42-001R.fit
08/10/2013,19:21,M42-001G.fit
08/10/2013,19:19,M42-001B.fit
27/11/2011,23:41,M33-L60s.fit
26/09/2014,15:36,M33-009R.fit
26/09/2014,15:33,M33-009G.fit
26/09/2014,15:30,M33-009B.fit
26/09/2014,15:35,M33-008R.fit
26/09/2014,15:33,M33-008G.fit
26/09/2014,15:29,M33-008B.fit
26/09/2014,15:35,M33-007R.fit
26/09/2014,15:33,M33-007G.fit
26/09/2014,15:29,M33-007B.fit
26/09/2014,15:35,M33-006R.fit
26/09/2014,15:33,M33-006G.fit
26/09/2014,15:29,M33-006B.fit
26/09/2014,15:35,M33-005R.fit
14/01/2012,21:28,m33-005G.fit
14/01/2012,21:33,m33-005B.fit
26/09/2014,15:35,M33-004R.fit
26/09/2014,15:33,M33-004G.fit
26/09/2014,15:29,M33-004B.fit
26/09/2014,15:36,M33-003R.fit
26/09/2014,15:33,M33-003G.fit
26/09/2014,15:30,M33-003B.fit
26/09/2014,15:36,M33-002R.fit
26/09/2014,15:33,M33-002G.fit
26/09/2014,15:30,M33-002B.fit
26/09/2014,15:36,M33-001R.fit
26/09/2014,15:33,M33-001G.fit
26/09/2014,15:30,M33-001B.fit
23/09/2014,16:23,m31xxx.fit
12/09/2012,12:08,M31-010R.fit
12/09/2012,12:06,M31-010G.fit
12/09/2012,12:03,M31-010B.fit
12/09/2012,12:08,M31-009R.fit
12/09/2012,12:05,M31-009G.fit
12/09/2012,12:02,M31-009B.fit
12/09/2012,12:08,M31-008R.fit
12/09/2012,12:05,M31-008G.fit
12/09/2012,12:02,M31-008B.fit
12/09/2012,12:08,M31-007R.fit
12/09/2012,12:05,M31-007G.fit
12/09/2012,12:02,M31-007B.fit
12/09/2012,12:08,M31-006R.fit
12/09/2012,12:05,M31-006G.fit
12/09/2012,12:02,M31-006B.fit
12/09/2012,12:08,M31-005R.fit
12/09/2012,12:06,M31-005G.fit
12/09/2012,12:02,M31-005B.fit
12/09/2012,12:08,M31-004R.fit
12/09/2012,12:06,M31-004G.fit
12/09/2012,12:02,M31-004B.fit
12/09/2012,12:08,M31-003R.fit
12/09/2012,12:06,M31-003G.fit
12/09/2012,12:02,M31-003B.fit
12/09/2012,12:08,M31-002R.fit
12/09/2012,12:06,M31-002G.fit
12/09/2012,12:03,M31-002B.fit
12/09/2012,12:08,M31-001R.fit
12/09/2012,12:06,M31-001G.fit
12/09/2012,12:03,M31-001B.fit
22/08/2012,03:56,m31.fit
07/04/2013,09:46,M3-008R.fit
07/04/2013,09:45,M3-008G.fit
07/04/2013,09:42,M3-008B.fit
07/04/2013,09:46,M3-007R.fit
07/04/2013,09:44,M3-007G.fit
07/04/2013,09:42,M3-007B.fit
07/04/2013,09:46,M3-006R.fit
07/04/2013,09:44,M3-006G.fit
07/04/2013,09:42,M3-006B.fit
07/04/2013,09:46,M3-005R.fit
07/04/2013,09:44,M3-005G.fit
07/04/2013,09:42,M3-005B.fit
07/04/2013,09:46,M3-004R.fit
07/04/2013,09:44,M3-004G.fit
07/04/2013,09:42,M3-004B.fit
07/04/2013,09:46,M3-003R.fit
07/04/2013,09:44,M3-003G.fit
07/04/2013,09:42,M3-003B.fit
07/04/2013,09:46,M3-002R.fit
07/04/2013,09:44,M3-002G.fit
07/04/2013,09:42,M3-002B.fit
07/04/2013,09:46,M3-001R.fit
07/04/2013,09:45,M3-001G.fit
07/04/2013,09:42,M3-001B.fit
03/04/2013,15:04,M27-OIII.fit
08/08/2013,01:59,M27OIII
08/08/2013,01:53,M27MF-002Ha.fit
08/08/2013,01:58,M27MF-001OIII.fit
08/08/2013,01:53,M27MF-001Ha.fit
03/04/2013,15:04,M27-ha.fit
03/09/2013,12:09,M27-007R.fit
03/09/2013,12:09,M27-006R.fit
03/09/2013,12:06,M27-006G.fit
03/09/2013,11:49,M27-006B.fit
03/09/2013,12:09,M27-005R.fit
15/07/2013,19:08,M27-005OIII.fit
15/07/2013,18:57,M27-005Ha.fit
03/09/2013,12:06,M27-005G.fit
03/09/2013,11:48,M27-005B.fit
03/09/2013,12:09,M27-004R.fit
15/07/2013,19:08,M27-004OIII.fit
15/07/2013,18:57,M27-004Ha.fit
03/09/2013,12:06,M27-004G.fit
03/09/2013,11:48,M27-004B.fit
03/09/2013,12:09,M27-003R.fit
15/07/2013,19:08,M27-003OIII.fit
03/04/2013,04:42,M27-003O.fit
15/07/2013,18:57,M27-003Ha.fit
03/04/2013,04:39,M27-003H.fit
03/09/2013,12:06,M27-003G.fit
03/09/2013,11:48,M27-003B.fit
03/09/2013,12:09,M27-002R.fit
15/07/2013,01:14,M27-002OIII.fit
03/04/2013,04:28,M27-002O.fit
08/08/2013,01:53,M27-002Ha.fit
03/04/2013,04:23,M27-002H.fit
03/09/2013,12:06,M27-002G.fit
03/09/2013,11:48,M27-002B.fit
03/09/2013,12:09,M27-001R.fit
08/08/2013,01:58,M27-001OIII.fit
03/04/2013,04:13,M27-001O.fit
08/08/2013,01:53,M27-001Ha.fit
03/04/2013,04:08,M27-001H.fit
03/09/2013,12:06,M27-001G.fit
03/09/2013,11:49,M27-001B.fit
18/03/2013,06:30,M13stack
18/03/2013,06:27,M13stack
01/05/2015,02:15,M13-003R.fit
01/05/2015,02:14,M13-003G.fit
01/05/2015,02:13,M13-003B.fit
01/05/2015,02:15,M13-002R.fit
01/05/2015,02:14,M13-002G.fit
01/05/2015,02:13,M13-002B.fit
01/05/2015,02:15,M13-001R.fit
01/05/2015,02:14,M13-001G.fit
01/05/2015,02:13,M13-001B.fit
19/04/2015,12:20,M109-002R.fit
19/04/2015,12:19,M109-002G.fit
19/04/2015,12:17,M109-002B.fit
19/04/2015,12:20,M109-001R.fit
19/04/2015,12:18,M109-001G.fit
19/04/2015,12:17,M109-001B.fit
02/03/2013,07:14,m106stack
05/04/2013,10:08,m106b-006R.fit
05/04/2013,10:05,m106b-006G.fit
05/04/2013,10:01,m106b-006B.fit
05/04/2013,10:07,m106b-005R.fit
05/04/2013,10:04,m106b-005G.fit
05/04/2013,10:00,m106b-005B.fit
02/03/2013,05:02,m106b-005.fit
05/04/2013,10:07,m106b-004R.fit
05/04/2013,10:04,m106b-004G.fit
05/04/2013,10:00,m106b-004B.fit
02/03/2013,04:47,m106b-004.fit
05/04/2013,10:07,m106b-003R.fit
05/04/2013,10:05,m106b-003G.fit
05/04/2013,10:00,m106b-003B.fit
02/03/2013,04:31,m106b-003.fit
02/03/2013,04:16,m106b-002.fit
02/03/2013,04:02,m106b-001.fit
03/04/2013,19:51,M106-006R.fit
03/04/2013,19:48,M106-006G.fit
03/04/2013,19:50,M106-005R.fit
02/04/2013,03:16,M106-005L.fit
03/04/2013,19:47,M106-005G.fit
03/04/2013,19:45,M106-005B.fit
05/04/2013,10:07,m106-004R.fit
05/04/2013,10:05,m106-004G.fit
05/04/2013,10:01,m106-004B.fit
20/04/2014,11:29,M106-003R.fit
20/04/2014,11:28,M106-003G.fit
20/04/2014,11:26,M106-003B.fit
20/04/2014,11:29,M106-002R.fit
20/04/2014,11:28,M106-002G.fit
20/04/2014,11:26,M106-002B.fit
20/04/2014,11:29,M106-001R.fit
20/04/2014,11:28,M106-001G.fit
20/04/2014,11:26,M106-001B.fit
14/03/2013,20:33,M104-00XR.fit
14/03/2013,20:33,M104-00XG.fit
14/03/2013,20:33,M104-00XB.fit
13/04/2014,13:30,M101-R.fit
09/04/2014,00:05,M101-L.fit
31/03/2013,13:20,M101-G.fit
31/03/2013,13:20,M101-B.fit
08/04/2014,23:48,M101-3-300sL
13/04/2015,04:36,M101-007R.fit
13/04/2015,04:11,M101-006R.fit
13/04/2015,04:16,M101-006G.fit
13/04/2015,04:21,M101-006B.fit
13/04/2015,03:46,M101-005R.fit
13/04/2015,12:34,M101-005G.fit
13/04/2015,12:31,M101-005B.fit
13/04/2015,12:37,M101-004R.fit
13/04/2015,12:35,M101-004G.fit
13/04/2015,12:31,M101-004B.fit
13/04/2015,12:37,M101-003R.fit
13/04/2015,12:35,M101-003G.fit
13/04/2015,12:31,M101-003B.fit
13/04/2015,12:37,M101-002R.fit
13/04/2015,12:35,M101-002G.fit
13/04/2015,12:31,M101-002B.fit
13/04/2015,12:38,M101-001R.fit
13/04/2015,12:35,M101-001G.fit
13/04/2015,12:31,M101-001B.fit
12/04/2015,23:44,M100sL
17/04/2015,21:50,M100.fit
26/09/2014,15:25,Lstack
25/09/2014,11:33,Lstack
11/09/2015,14:27,Lstack
19/04/2015,14:08,Lsatck
19/04/2015,14:10,Lsatck
19/04/2015,14:12,Lsatck
25/09/2014,11:47,LRGBold
25/11/2013,22:04,LRGBddp.fit
27/03/2015,10:47,LRGBddp.fit
27/03/2015,13:07,LRGBddp.fit
22/03/2015,12:59,LRGBddp.fit
09/03/2015,12:02,LRGBddp.fit
08/04/2015,18:59,LRGB.fit
22/11/2013,22:38,LRGB.fit
09/03/2015,03:41,LRGB.fit
22/04/2014,15:50,LRGB.fit
19/04/2015,12:34,LRGB.fit
27/03/2015,10:25,LRGB.fit
27/03/2015,11:32,LRGB.fit
09/03/2015,11:52,LRGB.fit
24/11/2012,22:33,LRGB.fit
27/02/2015,17:51,LRGB.fit
04/04/2013,21:29,LeoTrio-001R.fit
30/03/2013,21:26,LeoTrio
30/03/2013,22:32,Leotrio
10/04/2015,05:03,LeoT-R.fit
10/04/2015,05:01,LeoT-G.fit
10/04/2015,04:59,LeoT-B.fit
22/03/2015,12:07,Lddp.fit
17/02/2015,15:57,LB1.fit
08/04/2015,18:19,L.fit
10/04/2015,16:27,L.fit
20/04/2014,11:47,L.fit
24/11/2014,00:05,L.fit
10/04/2015,06:09,L.fit
07/04/2015,07:04,L.fit
20/04/2014,21:55,L.fit
13/04/2015,13:00,L.fit
12/02/2012,13:53,Jems.fit
14/01/2012,17:20,Jellyfish.fit
14/03/2013,20:04,Image-00XR.fit
14/03/2013,20:04,Image-00XG.fit
14/03/2013,20:04,Image-00XB.fit
23/01/2015,23:23,IC443-SII.fit
20/01/2014,04:47,IC443SII
23/01/2015,23:30,IC443-OIII.fit
20/12/2013,13:53,IC443Jellyfish
20/12/2013,13:56,IC443Jellyfish
23/01/2015,23:30,IC443-Ha.fit
23/01/2015,23:21,IC443-005OIII.fit
23/01/2015,23:23,IC443-004SII.fit
23/01/2015,23:21,IC443-004OIII.fit
23/01/2015,23:23,IC443-003SII.fit
23/01/2015,23:21,IC443-003OIII.fit
15/02/2016,23:13,IC443-002SII.fit
15/02/2016,23:08,IC443-002OIII.fit
15/02/2016,22:53,IC443-001SII.fit
15/02/2016,22:48,IC443-001OIII.fit
01/03/2014,12:43,IC417SII
01/03/2014,12:56,IC417OIII
01/03/2014,18:58,IC417-012Ha.fit
01/03/2014,18:57,IC417-011Ha.fit
01/03/2014,05:39,IC417-010Ha.fit
01/03/2014,05:29,IC417-009Ha.fit
01/03/2014,05:19,IC417-008Ha.fit
01/03/2014,12:42,IC417-007SII.fit
01/03/2014,12:39,IC417-007OIII.fit
01/03/2014,12:42,IC417-006SII.fit
01/03/2014,12:39,IC417-006OIII.fit
01/03/2014,12:42,IC417-005SII.fit
01/03/2014,12:39,IC417-005OIII.fit
01/03/2014,12:42,IC417-004SII.fit
01/03/2014,12:39,IC417-004OIII.fit
11/03/2014,23:19,IC417-003SII.fit
12/03/2014,12:15,IC417-003OIII.fit
12/03/2014,12:39,IC417-002SII.fit
12/03/2014,12:15,IC417-002OIII.fit
12/03/2014,12:38,IC417-001SII.fit
12/03/2014,12:15,IC417-001OIII.fit
13/03/2014,01:00,IC410SIII
12/03/2014,12:40,IC410SII
20/02/2015,01:18,IC410RR-001OIII.fit
13/03/2014,01:02,IC410OIII
14/03/2014,21:26,IC410new
14/03/2014,21:26,IC410new
14/03/2014,21:27,IC410new
27/03/2012,20:44,ic410-300sL.fit
13/03/2014,01:01,IC410-007SII.fit
13/03/2014,01:03,IC410-007OIII.fit
03/12/2014,12:19,IC410-006SII.fit
03/12/2014,12:16,IC410-006OIII.fit
03/12/2014,11:40,IC410-005SII.fit
03/12/2014,12:16,IC410-005OIII.fit
03/12/2014,11:40,IC410-004SII.fit
03/12/2014,12:16,IC410-004OIII.fit
03/12/2014,11:40,IC410-003SII.fit
03/12/2014,12:16,IC410-003OIII.fit
03/12/2014,11:40,IC410-002SII.fit
03/12/2014,12:16,IC410-002OIII.fit
03/12/2014,11:40,IC410-001SII.fit
03/12/2014,12:16,IC410-001OIII.fit
30/12/2014,03:43,IC4053rd-012OIII.fit
30/12/2014,03:33,IC4053rd-011SII.fit
30/12/2014,03:23,IC4053rd-011OIII.fit
30/12/2014,03:12,IC4053rd-010SII.fit
30/12/2014,03:02,IC4053rd-010OIII.fit
30/12/2014,02:41,IC4053rd-009SII.fit
30/12/2014,02:31,IC4053rd-009OIII.fit
30/12/2014,02:21,IC4053rd-008SII.fit
30/12/2014,02:11,IC4053rd-008OIII.fit
30/12/2014,02:01,IC4053rd-007SII.fit
30/12/2014,01:51,IC4053rd-007OIII.fit
30/12/2014,01:40,IC4053rd-006SII.fit
30/12/2014,01:30,IC4053rd-006OIII.fit
30/12/2014,01:20,IC4053rd-005SII.fit
30/12/2014,01:10,IC4053rd-005OIII.fit
30/12/2014,01:00,IC4053rd-004SII.fit
30/12/2014,00:50,IC4053rd-004OIII.fit
30/12/2014,00:40,IC4053rd-003SII.fit
30/12/2014,00:30,IC4053rd-003OIII.fit
30/12/2014,00:20,IC4053rd-002SII.fit
30/12/2014,00:10,IC4053rd-002OIII.fit
30/12/2014,00:00,IC4053rd-001SII.fit
29/12/2014,23:50,IC4053rd-001OIII.fit
29/12/2014,05:58,IC4052nd-011SII.fit
29/12/2014,05:48,IC4052nd-011OIII.fit
29/12/2014,05:27,IC4052nd-010SII.fit
29/12/2014,05:17,IC4052nd-010OIII.fit
29/12/2014,04:48,IC4052nd-009SII.fit
29/12/2014,04:38,IC4052nd-009OIII.fit
29/12/2014,04:28,IC4052nd-008SII.fit
29/12/2014,04:18,IC4052nd-008OIII.fit
29/12/2014,04:08,IC4052nd-007SII.fit
29/12/2014,03:58,IC4052nd-007OIII.fit
29/12/2014,03:45,IC4052nd-006SII.fit
29/12/2014,03:35,IC4052nd-006OIII.fit
29/12/2014,03:25,IC4052nd-005SII.fit
29/12/2014,03:15,IC4052nd-005OIII.fit
29/12/2014,03:05,IC4052nd-004SII.fit
29/12/2014,02:55,IC4052nd-004OIII.fit
29/12/2014,02:38,IC4052nd-003SII.fit
29/12/2014,02:28,IC4052nd-003OIII.fit
29/12/2014,02:18,IC4052nd-002SII.fit
29/12/2014,02:08,IC4052nd-002OIII.fit
29/12/2014,01:58,IC4052nd-001SII.fit
29/12/2014,01:48,IC4052nd-001OIII.fit
27/02/2015,16:40,IC1848SII.fit
27/02/2015,16:41,IC1848R-006SII.fit
27/02/2015,16:39,IC1848R-006OIII.fit
27/02/2015,16:41,IC1848R-005SII.fit
27/02/2015,16:38,IC1848R-005OIII.fit
27/02/2015,16:41,IC1848R-004SII.fit
27/02/2015,16:38,IC1848R-004OIII.fit
27/02/2015,16:41,IC1848R-003SII.fit
27/02/2015,16:38,IC1848R-003OIII.fit
27/02/2015,16:41,IC1848R-002SII.fit
27/02/2015,16:38,IC1848R-002OIII.fit
27/02/2015,16:41,IC1848R-001SII.fit
27/02/2015,16:39,IC1848R-001OIII.fit
27/02/2015,16:52,IC1848OIII.fit
27/02/2015,16:52,IC1848Ha.fit
08/10/2013,20:04,IC1848-007HaB1.fit
08/10/2013,20:04,IC1848-006HaB1.fit
26/10/2013,16:35,IC1848-005HaB1.fit
08/10/2013,20:04,IC1848-004HaB1.fit
14/09/2012,01:01,IC1805-308R.fit
14/09/2012,00:40,IC1805-307R.fit
14/09/2012,00:45,IC1805-307G.fit
14/09/2012,00:51,IC1805-307B.fit
14/09/2012,00:19,IC1805-306R.fit
14/09/2012,00:24,IC1805-306G.fit
14/09/2012,00:29,IC1805-306B.fit
13/09/2012,23:57,IC1805-305R.fit
14/09/2012,00:03,IC1805-305G.fit
14/09/2012,00:08,IC1805-305B.fit
13/09/2012,23:32,IC1805-304R.fit
13/09/2012,23:37,IC1805-304G.fit
13/09/2012,23:42,IC1805-304B.fit
13/09/2012,23:11,IC1805-303R.fit
13/09/2012,23:16,IC1805-303G.fit
13/09/2012,23:21,IC1805-303B.fit
13/09/2012,22:49,IC1805-302R.fit
13/09/2012,22:55,IC1805-302G.fit
13/09/2012,23:00,IC1805-302B.fit
13/09/2012,22:28,IC1805-301R.fit
13/09/2012,22:33,IC1805-301G.fit
13/09/2012,22:39,IC1805-301B.fit
03/11/2015,06:10,IC1805-002SII.fit
03/11/2015,06:05,IC1805-002OIII.fit
03/11/2015,05:50,IC1805-001SII.fit
03/11/2015,05:45,IC1805-001OIII.fit
24/10/2013,15:52,IC1396-SII.fit
26/10/2013,09:32,IC1396-OIIIaligned.fit
26/10/2013,09:28,IC1396-OIII.fit
26/10/2013,09:28,IC1396-Ha2ddp.fit
26/10/2013,09:31,IC1396-Ha2aligned.fit
24/10/2013,15:59,IC1396-Ha2.fit
24/10/2013,15:51,IC1396-Ha.fit
24/10/2013,01:57,IC1396-006SII.fit
24/10/2013,15:39,IC1396-006OIII.fit
24/10/2013,15:36,IC1396-006Ha.fit
24/10/2013,15:42,IC1396-005SII.fit
24/10/2013,15:38,IC1396-005OIII.fit
24/10/2013,15:36,IC1396-005Ha.fit
24/10/2013,15:42,IC1396-004SII.fit
24/10/2013,15:38,IC1396-004OIII.fit
24/10/2013,15:36,IC1396-004Ha.fit
24/10/2013,15:42,IC1396-003SII.fit
24/10/2013,15:38,IC1396-003OIII.fit
24/10/2013,15:36,IC1396-003Ha.fit
24/10/2013,15:43,IC1396-002SII.fit
24/10/2013,15:38,IC1396-002OIII.fit
24/10/2013,15:36,IC1396-002Ha.fit
24/10/2013,15:43,IC1396-001SII.fit
24/10/2013,15:38,IC1396-001OIII.fit
24/10/2013,15:36,IC1396-001Ha.fit
24/07/2012,01:21,IC1318Ha600s.fit
22/12/2013,01:27,HSOxx-Combined.fit
20/12/2013,23:40,HSO.fit
23/01/2016,15:59,HOSddp.fit
19/04/2015,14:25,HOSddp.fit
17/12/2012,00:27,hosddp.fit
23/01/2016,15:55,HOS.fit
26/09/2015,17:50,HOS.fit
20/07/2013,19:09,HOS.fit
25/11/2013,22:16,HOS.fit
19/04/2015,14:22,HOS.fit
23/06/2014,22:22,HOS.fit
17/12/2012,00:23,hos.fit
20/07/2013,11:01,HOS.fit
27/09/2014,03:55,Horse-002R.fit
27/09/2014,04:00,Horse-002G.fit
27/09/2014,04:05,Horse-002B.fit
27/09/2014,03:30,Horse-001R.fit
27/09/2014,03:35,Horse-001G.fit
27/09/2014,03:40,Horse-001B.fit
07/09/2012,21:58,HGB.fit
22/11/2013,23:04,HeartSIIx4.fit
23/01/2016,01:27,HeartSII
22/11/2013,23:07,HeartOIII
23/01/2016,01:32,HeartOIII
23/01/2016,01:28,Heart-016SII.fit
23/01/2016,01:27,Heart-015SII.fit
23/01/2016,01:32,Heart-015OIII.fit
23/01/2016,01:27,Heart-014SII.fit
23/01/2016,01:32,Heart-014OIII.fit
23/01/2016,01:27,Heart-013SII.fit
23/01/2016,01:32,Heart-013OIII.fit
23/01/2016,01:27,Heart-012SII.fit
23/01/2016,01:32,Heart-012OIII.fit
22/01/2016,23:35,Heart-011OIII.fit
23/01/2016,01:27,Heart-010SII.fit
23/01/2016,01:33,Heart-010OIII.fit
23/01/2016,01:27,Heart-009SII.fit
23/01/2016,01:33,Heart-009OIII.fit
23/01/2016,01:27,Heart-008SII.fit
23/01/2016,01:33,Heart-008OIII.fit
23/01/2016,01:27,Heart-007SII.fit
23/01/2016,01:33,Heart-007OIII.fit
23/01/2016,01:33,Heart-006OIII.fit
23/01/2016,01:28,Heart-005SII.fit
23/01/2016,01:33,Heart-005OIII.fit
23/01/2016,01:28,Heart-004SII.fit
23/01/2016,01:33,Heart-004OIII.fit
22/11/2013,22:15,Heart-004Ha.fit
23/01/2016,01:28,Heart-003SII.fit
23/01/2016,01:33,Heart-003OIII.fit
22/11/2013,22:14,Heart-003Ha.fit
23/01/2016,01:28,Heart-002SII.fit
23/01/2016,01:33,Heart-002OIII.fit
22/11/2013,22:15,Heart-002Ha.fit
23/01/2016,01:28,Heart-001SII.fit
23/01/2016,01:33,Heart-001OIII.fit
22/11/2013,22:15,Heart-001Ha.fit
02/05/2013,18:54,HaTotal.fit
16/09/2015,18:46,Hastackddp.fit
02/02/2015,00:40,Hastackddp.fit
22/03/2015,14:32,Hastackddp.fit
20/10/2015,12:49,Hastackddp.fit
20/04/2015,15:06,Hastack2.fit
01/04/2016,12:17,Hastack.fit
16/09/2015,18:40,Hastack.fit
02/02/2015,00:33,Hastack.fit
22/03/2015,14:25,Hastack.fit
26/09/2015,05:45,HaStack.fit
20/10/2015,14:16,Hastack.fit
23/06/2014,22:23,Hastack.fit
05/09/2012,11:49,Hastack.fit
11/08/2012,23:15,Hastack.fit
31/07/2013,22:44,Hastack.fit
06/11/2014,20:26,Hastack
20/07/2013,18:56,Hastack
27/09/2015,02:59,Hastack
12/10/2015,18:33,Hastack
27/09/2015,03:04,Hastack
12/10/2014,14:41,Hastack
03/11/2015,12:05,HaStack
03/11/2015,12:16,HaStack
12/10/2014,13:54,Hastack
12/10/2014,14:00,Hastack
16/09/2015,14:34,Hastack
19/04/2015,14:15,Hasatck.fit
06/09/2012,12:52,Ha-OIII-SIIddp.fit
22/10/2012,10:35,Ha-OIII-SII.fit
19/10/2012,10:25,Ha-OIII-SII.fit
06/09/2012,12:45,Ha-OIII-SII.fit
19/10/2012,09:52,Ha-OIII-SII.fit
12/03/2014,12:45,HaOIII
27/02/2015,05:38,Haddp.fit
26/11/2012,22:38,Haddp.fit
19/10/2012,10:47,Hacombined-RGB.fit
19/10/2012,10:08,Hacombined.fit
19/10/2012,10:28,Hacombined.fit
23/09/2013,02:52,Ha1.fit
06/09/2012,14:54,Ha.fit
01/10/2012,22:44,Ha.fit
09/03/2015,13:05,Ha.fit
06/12/2012,22:25,Ha.fit
03/12/2014,11:49,Ha.fit
24/11/2012,04:36,Ha.fit
27/02/2015,16:59,Ha.fit
20/02/2015,14:14,Ha.fit
03/12/2014,12:36,Ha.fit
31/03/2016,21:48,Ha
10/11/2013,21:03,H9andFLI.fit
03/09/2012,02:23,guidingprobs.fit
26/09/2014,18:22,Gstack
25/09/2014,11:56,Gstack
02/04/2016,16:31,Gstack
03/03/2013,23:47,GroupHa.fit
05/12/2015,21:14,Group4SII.fit
11/08/2012,12:10,Group4-LRGB.fit
10/08/2012,10:26,Group4.fit
23/11/2014,20:43,Group3-B.fit
23/11/2014,20:44,Group2-G.fit
03/04/2013,20:16,Group21-R.fit
03/04/2013,20:16,Group20-G.fit
11/03/2016,00:27,Group2.fit
23/11/2014,20:44,Group1-R.fit
03/04/2013,20:16,Group19-B.fit
03/04/2013,20:17,Group18-L.fit
22/04/2013,15:32,Group10-L.fit
04/11/2013,22:49,green.fit
16/05/2014,03:19,graph.fit
08/04/2015,18:59,G.fit
09/03/2015,03:43,G.fit
20/04/2014,11:46,G.fit
28/11/2014,17:05,G.fit
22/03/2015,13:52,G.fit
20/04/2014,21:54,G.fit
27/02/2015,18:40,G.fit
20/12/2013,16:51,FS78RGB
20/12/2013,13:37,FS78-003HaB1.fit
20/12/2013,13:36,FS78-002HaB1.fit
20/12/2013,13:36,FS78-001HaB1.fit
15/04/2014,19:39,f5-3stack
15/04/2014,19:44,f5-3stack
15/04/2014,19:43,f5-3stack
22/11/2015,21:57,etoiii
22/11/2015,21:41,etoiii
22/11/2015,23:20,ET-004SII.fit
22/11/2015,23:10,ET-004OIII.fit
22/11/2015,23:00,ET-003SII.fit
22/11/2015,22:50,ET-003OIII.fit
22/11/2015,22:40,ET-002SII.fit
22/11/2015,22:30,ET-002OIII.fit
22/11/2015,22:20,ET-001SII.fit
22/11/2015,22:10,ET-001OIII.fit
22/09/2013,00:30,ddp.fit
15/09/2012,04:17,daylight.fit
22/09/2013,13:06,Crescentstack.fit
18/10/2012,23:59,Crescent600-Ha.fit
02/10/2013,11:22,Copyof
02/10/2013,11:21,Copyof
02/10/2013,11:21,Copyof
24/11/2014,19:51,ConeNGC
24/11/2014,19:48,ConeNGC
24/11/2014,19:49,ConeNGC
30/11/2012,21:08,com-RGB.fit
03/09/2014,21:15,combined-RGB.fit
03/09/2014,21:17,combined-R.fit
03/09/2014,21:17,combined-LRGB.fit
03/09/2014,21:19,combined-L.fit
03/09/2014,21:18,combined-G.fit
03/09/2014,21:18,combined-B.fit
31/08/2012,21:54,combined.fit
24/11/2011,19:34,com.fit
24/11/2011,19:34,com.fit
24/11/2011,19:33,com.fit
18/09/2012,18:56,Cocoon-RGBcrop.fit
31/08/2012,02:02,cocoon2-600s.fit
12/09/2012,11:54,Cocoon-001R.fit
12/09/2012,11:54,Cocoon-001G.fit
12/09/2012,11:54,Cocoon-001B.fit
31/08/2012,01:51,cocoon.fit
12/10/2014,14:31,Cluster-RGBddp.fit
12/10/2014,14:27,Cluster-RGB.fit
12/10/2014,14:34,cluster-R.fit
12/10/2014,14:34,cluster-G.fit
12/10/2014,14:33,cluster-B.fit
12/10/2014,14:14,cluster-010R.fit
12/10/2014,03:42,cluster-010G.fit
12/10/2014,14:18,cluster-010B.fit
12/10/2014,14:12,cluster-009R.fit
12/10/2014,03:39,cluster-009G.fit
12/10/2014,14:32,cluster-009B.fit
12/10/2014,14:12,cluster-008R.fit
12/10/2014,14:07,cluster-008G.fit
12/10/2014,14:17,cluster-008B.fit
12/10/2014,14:12,cluster-007R.fit
12/10/2014,14:06,cluster-007G.fit
12/10/2014,14:17,cluster-007B.fit
12/10/2014,14:13,cluster-006R.fit
12/10/2014,14:06,cluster-006G.fit
12/10/2014,14:17,cluster-006B.fit
12/10/2014,14:13,cluster-005R.fit
12/10/2014,14:06,cluster-005G.fit
12/10/2014,14:17,cluster-005B.fit
12/10/2014,14:14,cluster-004R.fit
12/10/2014,14:07,cluster-004G.fit
12/10/2014,14:17,cluster-004B.fit
12/10/2014,14:14,cluster-003R.fit
12/10/2014,14:07,cluster-003G.fit
12/10/2014,14:18,cluster-003B.fit
12/10/2014,03:17,cluster-002R.fit
12/10/2014,03:15,cluster-001R.fit
12/10/2014,14:07,cluster-001G.fit
10/01/2014,00:39,ClawSII
10/01/2014,00:39,ClawOIII
10/01/2014,00:26,Claw-003SII.fit
10/01/2014,00:24,Claw-003OIII.fit
10/01/2014,00:22,Claw-003Ha.fit
10/01/2014,00:25,Claw-002SII.fit
10/01/2014,00:24,Claw-002OIII.fit
10/01/2014,00:22,Claw-002Ha.fit
10/01/2014,00:25,Claw-001SII.fit
10/01/2014,00:24,Claw-001OIII.fit
10/01/2014,00:22,Claw-001Ha.fit
08/10/2014,23:19,CED214SII
26/09/2015,17:44,CED214-013SII.fit
26/09/2015,17:40,CED214-013OIII.fit
26/09/2015,17:44,CED214-012SII.fit
26/09/2015,17:39,CED214-012OIII.fit
26/09/2015,17:44,CED214-011SII.fit
26/09/2015,17:39,CED214-011OIII.fit
26/09/2015,17:45,CED214-010SII.fit
26/09/2015,17:39,CED214-010OIII.fit
26/09/2015,17:45,CED214-009SII.fit
26/09/2015,17:39,CED214-009OIII.fit
26/09/2015,17:45,CED214-008SII.fit
26/09/2015,17:39,CED214-008OIII.fit
26/09/2015,17:45,CED214-007SII.fit
26/09/2015,17:39,CED214-007OIII.fit
26/09/2015,17:45,CED214-006SII.fit
26/09/2015,17:39,CED214-006OIII.fit
26/09/2015,17:45,CED214-005SII.fit
26/09/2015,17:39,CED214-005OIII.fit
26/09/2015,17:45,CED214-004SII.fit
26/09/2015,17:39,CED214-004OIII.fit
26/09/2015,17:45,CED214-003SII.fit
15/11/2014,01:08,CED214-003R.fit
26/09/2015,17:39,CED214-003OIII.fit
15/11/2014,01:10,CED214-003G.fit
15/11/2014,01:11,CED214-003B.fit
26/09/2015,17:45,CED214-002SII.fit
15/11/2014,01:08,CED214-002R.fit
26/09/2015,17:39,CED214-002OIII.fit
15/11/2014,01:10,CED214-002G.fit
15/11/2014,01:11,CED214-002B.fit
10/09/2015,00:32,CED214-001SII.fit
15/11/2014,01:08,CED214-001R.fit
26/09/2015,17:40,CED214-001OIII.fit
18/03/2013,00:44,CCDImage
13/05/2012,02:56,CCDImage
26/03/2012,03:32,CCDImage
28/02/2013,22:47,CCDImage
03/09/2014,14:01,CaveSII.fit
03/09/2014,14:02,CaveOIII.fit
20/12/2013,13:34,CaveFS78-003SII.fit
20/12/2013,13:27,CaveFS78-003OIII.fit
20/12/2013,13:25,CaveFS78-003Ha.fit
20/12/2013,13:34,CaveFS78-002SII.fit
20/12/2013,13:27,CaveFS78-002OIII.fit
20/12/2013,13:25,CaveFS78-002Ha.fit
20/12/2013,13:34,CaveFS78-001SII.fit
20/12/2013,13:27,CaveFS78-001OIII.fit
20/12/2013,13:25,CaveFS78-001Ha.fit
08/09/2014,12:25,Cave2total
08/09/2014,12:25,Cave2total
08/09/2014,12:02,Cave2total
13/12/2014,23:41,Cave2-00XHa-Combined.fit
08/09/2014,12:03,Cave2-006SII.fit
08/09/2014,11:59,Cave2-006OIII.fit
08/09/2014,12:02,Cave2-005SII.fit
08/09/2014,11:59,Cave2-005OIII.fit
08/09/2014,12:02,Cave2-004SII.fit
08/09/2014,11:59,Cave2-004OIII.fit
08/09/2014,12:02,Cave2-003SII.fit
08/09/2014,11:59,Cave2-003OIII.fit
08/09/2014,12:03,Cave2-002SII.fit
08/09/2014,11:59,Cave2-002OIII.fit
13/12/2014,23:41,Cave2-001SII-Combined.fit
08/09/2014,12:03,Cave2-001SII.fit
13/12/2014,23:41,Cave2-001OIII-Combined.fit
08/09/2014,11:59,Cave2-001OIII.fit
08/10/2015,02:45,Cave07-006OIII.fit
08/10/2015,02:40,Cave07-005SII.fit
08/10/2015,02:35,Cave07-005OIII.fit
08/10/2015,02:28,Cave07-004SII.fit
08/10/2015,02:23,Cave07-004OIII.fit
08/10/2015,02:18,Cave07-003SII.fit
08/10/2015,02:13,Cave07-003OIII.fit
08/10/2015,02:08,Cave07-002SII.fit
08/10/2015,02:03,Cave07-002OIII.fit
08/10/2015,01:58,Cave07-001SII.fit
12/10/2015,05:13,Cave-008SII.fit
12/10/2015,05:03,Cave-008OIII.fit
12/10/2015,04:53,Cave-007SII.fit
12/10/2015,04:43,Cave-007OIII.fit
12/10/2015,04:32,Cave-006SII.fit
12/10/2015,04:22,Cave-006OIII.fit
12/10/2015,04:12,Cave-005SII.fit
12/10/2015,04:02,Cave-005OIII.fit
12/10/2015,03:51,Cave-004SII.fit
12/10/2015,03:41,Cave-004OIII.fit
12/10/2015,03:31,Cave-003SII.fit
12/10/2015,03:20,Cave-003OIII.fit
12/10/2015,03:10,Cave-002SII.fit
12/09/2012,03:11,Cave-002R.fit
12/10/2015,03:00,Cave-002OIII.fit
12/09/2012,03:16,Cave-002G.fit
12/09/2012,03:21,Cave-002B.fit
12/10/2015,02:50,Cave-001SII.fit
12/09/2012,02:45,Cave-001R.fit
12/10/2015,02:40,Cave-001OIII.fit
12/09/2012,02:50,Cave-001G.fit
12/09/2012,02:56,Cave-001B.fit
01/04/2016,12:18,CatseyeOIII
01/04/2016,12:12,CatseyeN-002OIII.fit
01/04/2016,12:13,CatseyeN-001OIII.fit
13/11/2014,02:14,Californianeb
13/11/2014,02:14,CaliforiaNeb
25/09/2014,22:34,C30-0105B2.fit
25/09/2014,22:44,C30-01010B2.fit
25/09/2014,21:44,C30-0095B2.fit
25/09/2014,21:54,C30-00910B2.fit
25/09/2014,20:53,C30-0085B2.fit
25/09/2014,21:03,C30-00810B2.fit
25/09/2014,20:03,C30-0075B2.fit
25/09/2014,20:13,C30-00710B2.fit
25/09/2014,19:13,C30-0065B2.fit
25/09/2014,19:23,C30-00610B2.fit
25/09/2014,18:22,C30-0055B2.fit
25/09/2014,18:32,C30-00510B2.fit
25/09/2014,17:32,C30-0045B2.fit
25/09/2014,17:42,C30-00410B2.fit
25/09/2014,16:41,C30-0035B2.fit
25/09/2014,16:52,C30-00310B2.fit
25/09/2014,15:51,C30-0025B2.fit
25/09/2014,16:01,C30-00210B2.fit
25/09/2014,15:01,C30-0015B2.fit
25/09/2014,15:11,C30-00110B2.fit
21/03/2012,21:42,C-002R.fit
21/03/2012,21:47,C-002G.fit
21/03/2012,21:27,C-001R.fit
21/03/2012,21:32,C-001G.fit
21/03/2012,22:04,C-001B.fit
27/08/2014,15:38,Bubbletot
27/08/2014,15:24,Bubbletot
27/08/2014,12:01,BubbleSII.fit
07/08/2014,07:40,BubbleSII
27/08/2014,13:49,Bubble-R.fit
27/08/2014,12:00,BubbleOIII.fit
27/08/2014,12:00,BubbleHa.fit
27/08/2014,13:49,Bubble-G.fit
27/08/2014,13:48,Bubble-B.fit
22/07/2013,01:00,Bubble-002Ha.fit
22/07/2013,00:50,Bubble-001SII.fit
22/07/2013,22:21,Bubble-001OIII.fit
22/07/2013,22:21,Bubble-001Ha.fit
25/09/2014,11:57,Bstack
02/04/2016,16:31,Bstack
22/08/2012,19:39,Broom2.fit
23/09/2013,02:35,Broom-005SII.fit
23/09/2013,02:27,Broom-005OIII.fit
23/09/2013,02:22,Broom-005Ha.fit
23/09/2013,02:34,Broom-004SII.fit
23/09/2013,02:26,Broom-004OIII.fit
23/09/2013,02:22,Broom-004Ha.fit
23/09/2013,02:35,Broom-003SII.fit
23/09/2013,02:26,Broom-003OIII.fit
23/09/2013,02:22,Broom-003Ha.fit
23/09/2013,02:35,Broom-002SII.fit
23/09/2013,02:26,Broom-002OIII.fit
23/09/2013,02:22,Broom-002Ha.fit
23/09/2013,02:35,Broom-001SII.fit
23/09/2013,02:27,Broom-001OIII.fit
23/09/2013,02:22,Broom-001Ha.fit
22/08/2012,02:04,Broom.fit
04/11/2013,22:49,blue.fit
09/03/2015,13:04,Bicol.fit
31/03/2013,04:43,bIC4067Pelican.fit
03/04/2013,14:40,B2-L.fit
03/04/2013,14:32,B1-LRGBddp.fit
03/04/2013,14:30,B1-LRGB.fit
04/11/2013,12:57,B1L.fit
03/04/2013,20:19,B1ddp.fit
06/02/2013,23:50,B1clouds.fit
07/02/2013,00:35,B14.fit
07/02/2013,00:07,B1-2.fit
13/04/2015,12:53,B1.fit
13/04/2015,12:52,B1.fit
13/04/2015,12:54,B1.fit
27/03/2015,10:11,B1.fit
03/04/2013,14:27,B1.fit
08/04/2015,18:59,B.fit
09/03/2015,03:44,B.fit
20/04/2014,11:47,B.fit
28/11/2014,17:05,B.fit
22/03/2015,13:52,B.fit
20/04/2014,21:54,B.fit
27/02/2015,18:41,B.fit
02/02/2015,15:33,APM107prime
26/08/2014,23:56,aNGC7635-006OIII.fit
26/08/2014,23:26,aNGC7635-005OIII.fit
26/08/2014,22:56,aNGC7635-004OIII.fit
26/08/2014,22:18,aNGC7635-003OIII.fit
26/08/2014,21:48,aNGC7635-002OIII.fit
26/08/2014,21:28,aNGC7635-001SII.fit
26/08/2014,21:18,aNGC7635-001OIII.fit
05/12/2015,22:02,alphaSHO
05/12/2015,21:53,alpha.fit
23/10/2015,15:24,allstack
20/10/2015,14:16,allSII
05/12/2015,22:03,allSII
04/11/2013,12:52,allLRGB.fit
04/11/2013,12:57,allL.fit
27/08/2014,14:36,all.fit
23/01/2016,16:12,aligned.fit
20/04/2014,12:08,aligned.fit
26/09/2014,15:16,9_3326x2504_Bin1x1_Temp-30C_ExpTime300s.fit
28/04/2013,15:56,800.fit
26/09/2014,15:16,8_3326x2504_Bin1x1_Temp-30C_ExpTime1200s.fit
06/10/2013,16:54,7023Iris-RGB.fit
06/10/2013,16:53,7023Iris-LRGB.fit
06/10/2013,16:10,7023-004R.fit
05/10/2013,22:39,7023-004G.fit
06/10/2013,16:10,7023-003R.fit
06/10/2013,16:06,7023-003G.fit
06/10/2013,16:08,7023-003B.fit
06/10/2013,16:10,7023-002R.fit
06/10/2013,16:07,7023-002G.fit
06/10/2013,16:08,7023-002B.fit
06/10/2013,16:10,7023-001R.fit
06/10/2013,16:07,7023-001G.fit
06/10/2013,16:08,7023-001B.fit
27/09/2014,16:08,7000SII.fit
21/10/2014,15:45,7000SII
27/09/2014,16:08,7000SHO.fit
01/10/2014,14:13,7000RGBred.fit
28/09/2014,13:07,7000RGB.fit
27/09/2014,16:09,7000OIII.fit
21/07/2012,03:15,7000Ha600s3.fit
21/07/2012,03:01,7000Ha600s2.fit
21/07/2012,02:51,7000Ha600s.fit
21/07/2012,11:33,7000-Ha.fit
22/03/2015,12:03,6--sL
20/07/2013,10:00,6995-007SII.fit
20/07/2013,09:24,6995-007OIII.fit
20/07/2013,09:20,6995-007Ha.fit
20/07/2013,10:00,6995-006SII.fit
20/07/2013,10:00,6995-005SII.fit
20/07/2013,10:00,6995-004SII.fit
20/07/2013,00:22,6995-003SII.fit
20/07/2013,09:24,6995-003OIII.fit
20/07/2013,09:20,6995-003Ha.fit
20/07/2013,00:22,6995-002SII.fit
20/07/2013,09:24,6995-002OIII.fit
20/07/2013,09:20,6995-002Ha.fit
20/07/2013,00:21,6995-001SII.fit
20/07/2013,09:24,6995-001OIII.fit
20/07/2013,09:20,6995-001Ha.fit
07/08/2015,17:48,6992-006SII.fit
07/08/2015,17:44,6992-006OIII.fit
07/08/2015,12:40,6992-006Ha.fit
07/08/2015,17:47,6992-005SII.fit
07/08/2015,17:43,6992-005OIII.fit
07/08/2015,12:40,6992-005Ha.fit
07/08/2015,17:47,6992-004SII.fit
07/08/2015,17:43,6992-004OIII.fit
07/08/2015,12:40,6992-004Ha.fit
07/08/2015,17:47,6992-003SII.fit
07/08/2015,17:43,6992-003OIII.fit
07/08/2015,12:40,6992-003Ha.fit
07/08/2015,17:47,6992-002SII.fit
07/08/2015,17:43,6992-002OIII.fit
07/08/2015,12:40,6992-002Ha.fit
07/08/2015,17:47,6992-001SII.fit
07/08/2015,17:43,6992-001OIII.fit
07/08/2015,12:41,6992-001Ha.fit
16/05/2014,19:44,6888SII
16/05/2014,19:45,6888OIII
20/07/2013,11:04,6888Crescent-003Ha.fit
20/07/2013,11:06,6888Crescent-002SII.fit
20/07/2013,11:05,6888Crescent-002OIII.fit
20/07/2013,11:04,6888Crescent-002Ha.fit
20/07/2013,11:06,6888Crescent-001SII.fit
20/07/2013,11:05,6888Crescent-001OIII.fit
20/07/2013,11:04,6888Crescent-001Ha.fit
18/07/2013,02:59,6888-003Ha.fit
18/07/2013,02:50,6888-002SII.fit
18/07/2013,02:50,6888-002OIII.fit
18/07/2013,02:40,6888-002Ha.fit
18/07/2013,02:29,6888-001SII.fit
18/07/2013,02:29,6888-001OIII.fit
18/07/2013,02:19,6888-001Ha.fit
10/09/2015,11:36,6820-009Ha.fit
10/09/2015,11:36,6820-008Ha.fit
16/09/2015,19:38,6820-007SII.fit
16/09/2015,19:34,6820-007OIII.fit
10/09/2015,11:37,6820-007Ha.fit
16/09/2015,19:38,6820-006SII.fit
16/09/2015,19:34,6820-006OIII.fit
10/09/2015,11:37,6820-006Ha.fit
16/09/2015,19:38,6820-005SII.fit
16/09/2015,19:34,6820-005OIII.fit
10/09/2015,11:37,6820-005Ha.fit
16/09/2015,19:38,6820-004SII.fit
16/09/2015,19:34,6820-004OIII.fit
18/07/2015,10:13,6820-004Ha.fit
16/09/2015,19:37,6820-003SII.fit
16/09/2015,19:34,6820-003OIII.fit
18/07/2015,10:12,6820-003Ha.fit
16/09/2015,19:37,6820-002SII.fit
16/09/2015,19:34,6820-002OIII.fit
10/09/2015,11:37,6820-002Ha.fit
10/09/2015,11:37,6820-001Ha.fit
20/04/2013,19:05,6543-R.fit
20/04/2013,18:43,6543OIII
20/04/2013,18:48,6543OIII
06/05/2013,22:00,6543OIII
02/05/2013,19:10,6543OIII
15/04/2014,15:11,6543last
20/04/2013,19:13,6543-B.fit
15/04/2014,02:26,6543-020OIII.fit
15/04/2014,19:17,6543-020Ha.fit
15/04/2014,02:26,6543-019OIII.fit
15/04/2014,02:25,6543-019Ha.fit
15/04/2014,02:25,6543-018OIII.fit
15/04/2014,19:14,6543-018Ha.fit
15/04/2014,02:25,6543-017OIII.fit
15/04/2014,19:14,6543-017Ha.fit
15/04/2014,02:24,6543-016OIII.fit
15/04/2014,19:14,6543-016Ha.fit
15/04/2014,02:24,6543-015OIII.fit
15/04/2014,19:14,6543-015Ha.fit
15/04/2014,02:23,6543-014OIII.fit
15/04/2014,19:15,6543-014Ha.fit
15/04/2014,02:23,6543-013OIII.fit
15/04/2014,19:15,6543-013Ha.fit
15/04/2014,02:23,6543-012OIII.fit
15/04/2014,19:15,6543-012Ha.fit
15/04/2014,02:22,6543-011OIII.fit
15/04/2014,19:15,6543-011Ha.fit
15/04/2014,02:22,6543-010OIII.fit
15/04/2014,19:15,6543-010Ha.fit
15/04/2014,02:21,6543-009OIII.fit
15/04/2014,19:15,6543-009Ha.fit
15/04/2014,02:21,6543-008OIII.fit
15/04/2014,19:15,6543-008Ha.fit
15/04/2014,02:20,6543-007OIII.fit
15/04/2014,19:15,6543-007Ha.fit
15/04/2014,02:20,6543-006OIII.fit
15/04/2014,19:16,6543-006Ha.fit
15/04/2014,02:19,6543-005OIII.fit
15/04/2014,19:16,6543-005Ha.fit
15/04/2014,02:19,6543-004OIII.fit
15/04/2014,19:16,6543-004Ha.fit
20/04/2013,19:13,6543-003R.fit
20/04/2013,18:49,6543-003OIII.fit
15/04/2014,02:18,6543-003OIII.fit
20/04/2013,18:58,6543-003Ha.fit
15/04/2014,19:16,6543-003Ha.fit
20/04/2013,19:04,6543-003G.fit
20/04/2013,19:03,6543-003B.fit
20/04/2013,19:13,6543-002R.fit
20/04/2013,18:49,6543-002OIII.fit
15/04/2014,02:18,6543-002OIII.fit
20/04/2013,18:59,6543-002Ha.fit
15/04/2014,19:16,6543-002Ha.fit
20/04/2013,19:04,6543-002G.fit
20/04/2013,19:03,6543-002B.fit
20/04/2013,19:13,6543-001R.fit
20/04/2013,18:49,6543-001OIII.fit
15/04/2014,02:17,6543-001OIII.fit
20/04/2013,18:59,6543-001Ha.fit
15/04/2014,19:16,6543-001Ha.fit
20/04/2013,19:05,6543-001G.fit
20/04/2013,19:03,6543-001B.fit
08/05/2015,04:34,60sR
20/02/2015,02:21,60sLB1.fit
08/05/2015,04:22,60sL
31/03/2014,16:54,600sRGB.fit
22/07/2013,23:10,600sOIII
22/07/2013,23:10,600sOIII
02/03/2013,01:58,600sLB1.fit
02/02/2015,01:14,600sL.fit
13/04/2015,01:33,600sL
10/04/2015,16:33,600sL
31/03/2013,02:20,600sL
08/04/2015,11:59,600sL
10/04/2015,16:33,600sL
22/03/2015,04:28,600sL
10/04/2015,05:37,600sL
17/02/2015,01:27,600sL
13/04/2015,13:01,600sL
12/04/2015,23:19,600sL
02/03/2013,01:00,600sHaB1.fit
02/03/2013,01:15,600s2HaB1.fit
26/09/2014,15:16,6_3326x2504_Bin1x1_Temp-30C_ExpTime600s.fit
04/09/2012,23:12,5-Ha600s.fit
17/02/2015,06:29,50sLB1.fit
13/05/2015,21:50,50sL
20/06/2014,02:01,50s
18/07/2013,09:48,5070SIIHaOIIstack2-1-3ddp.fit
18/07/2013,09:47,5070SIIHaOIIstack2-1-3.fit
19/07/2013,21:26,5070SII
14/07/2013,19:20,5070RGBSIIHaOIII.fit
14/07/2013,20:10,5070RGBSIIHaOIII
14/07/2013,19:21,5070RGBHaOIIISII.fit
19/07/2013,21:25,5070OIII
18/07/2013,09:33,5070-005Ha.fit
19/07/2013,21:25,5070-004SII.fit
18/07/2013,09:35,5070-004OIII.fit
18/07/2013,09:33,5070-004Ha.fit
19/07/2013,21:26,5070-003SII.fit
18/07/2013,09:36,5070-003OIII.fit
18/07/2013,09:33,5070-003Ha.fit
19/07/2013,21:26,5070-002SII.fit
18/07/2013,09:36,5070-002OIII.fit
18/07/2013,09:33,5070-002Ha.fit
19/07/2013,21:26,5070-001SII.fit
18/07/2013,09:36,5070-001OIII.fit
18/07/2013,09:33,5070-001Ha.fit
05/09/2012,21:48,-500sHa.fit
18/11/2012,06:27,410-007Ha.fit
18/11/2012,06:17,410-006SII.fit
18/11/2012,06:06,410-006OIII.fit
18/11/2012,05:56,410-006Ha.fit
18/11/2012,05:46,410-005SII.fit
18/11/2012,05:36,410-005OIII.fit
18/11/2012,05:26,410-005Ha.fit
18/11/2012,05:15,410-004SII.fit
18/11/2012,05:05,410-004OIII.fit
18/11/2012,04:55,410-004Ha.fit
18/11/2012,04:44,410-003SII.fit
18/11/2012,04:34,410-003OIII.fit
18/11/2012,04:26,410-003Ha.fit
18/11/2012,04:15,410-002SII.fit
18/11/2012,04:05,410-002OIII.fit
18/11/2012,03:55,410-002Ha.fit
18/11/2012,03:35,410-001Ha.fit
01/02/2015,20:14,40sR.fit
01/02/2015,20:10,40sL.fit
30/12/2014,13:54,405SII
29/12/2014,15:50,405RGB
29/12/2014,16:01,405RGB
30/12/2014,14:06,405OIII
24/01/2015,00:07,400sec.fit
07/10/2014,01:59,4_3326x2504_Bin1x1_Temp-30C_ExpTime300s.fit
26/11/2012,23:09,3SHO.fit
04/09/2012,22:49,3-Ha600s.fit
05/09/2012,01:25,3-Ha600s.fit
23/11/2014,23:23,37cluster-002R.fit
23/11/2014,23:25,37cluster-002G.fit
23/11/2014,23:27,37cluster-002B.fit
23/11/2014,23:36,37cluster-001-RGB.fit
23/11/2014,23:37,37cluster-001R.fit
23/11/2014,23:37,37cluster-001G.fit
23/11/2014,23:38,37cluster-001B.fit
11/03/2014,05:26,3718-003R.fit
11/03/2014,05:31,3718-003G.fit
11/03/2014,05:01,3718-002R.fit
11/03/2014,05:06,3718-002G.fit
11/03/2014,05:11,3718-002B.fit
11/03/2014,04:35,3718-001R.fit
11/03/2014,04:40,3718-001G.fit
11/03/2014,04:45,3718-001B.fit
30/04/2015,23:27,30sL
04/07/2015,21:28,30sL
02/02/2015,01:14,300sR.fit
02/05/2013,01:23,300sOIII
09/03/2015,03:26,300sLB1.fit
15/03/2013,10:17,300sL.fit
02/02/2015,01:14,300sL.fit
23/06/2014,00:00,300sL
23/11/2014,20:43,300sL
13/04/2015,12:21,300sL
31/03/2013,04:00,300sL
31/03/2013,04:07,300sL
01/05/2015,02:11,300sL
08/04/2015,12:00,300sL
08/04/2015,12:00,300sL
08/04/2015,12:00,300sL
08/04/2015,12:00,300sL
18/07/2015,10:27,300sL
18/07/2015,10:27,300sL
08/10/2013,19:15,300sL
12/09/2015,23:34,300sL
13/04/2015,12:57,300sL
13/05/2015,22:33,300sL
14/05/2015,03:16,300sL
14/05/2015,03:16,300sL
14/05/2015,03:16,300sL
14/05/2015,03:16,300sL
14/05/2015,03:16,300sL
14/05/2015,03:16,300sL
13/04/2015,13:01,300sL
13/04/2015,13:01,300sL
08/04/2015,16:16,300sL
08/04/2015,16:16,300sL
19/04/2015,14:13,300sL
08/05/2015,04:21,300sHa
02/02/2015,01:13,300sG.fit
02/03/2013,00:49,300sb1.fit
15/03/2013,10:17,300s.fit
20/02/2015,13:08,300Lstack.fit
29/08/2013,01:03,300-LRGB.fit
07/10/2014,01:58,3_3326x2504_Bin1x1_Temp-30C_ExpTime1200s.fit
26/11/2012,22:49,2SHO.fit
05/09/2012,01:14,2-Ha600s.fit
30/12/2014,15:21,2903RGB.fit
30/12/2014,13:29,2903R
30/12/2014,13:40,2903LRGBddp.fit
02/04/2013,00:28,2419-008R.fit
02/04/2013,00:33,2419-008G.fit
02/04/2013,00:39,2419-008B.fit
02/04/2013,00:09,2419-007R.fit
02/04/2013,00:14,2419-007G.fit
02/04/2013,00:18,2419-007B.fit
01/04/2013,23:49,2419-006R.fit
01/04/2013,23:54,2419-006G.fit
01/04/2013,23:59,2419-006B.fit
01/04/2013,23:28,2419-005R.fit
01/04/2013,23:34,2419-005G.fit
01/04/2013,23:39,2419-005B.fit
01/04/2013,23:08,2419-004R.fit
01/04/2013,23:13,2419-004G.fit
01/04/2013,23:18,2419-004B.fit
01/04/2013,22:47,2419-003R.fit
01/04/2013,22:52,2419-003G.fit
01/04/2013,22:58,2419-003B.fit
01/04/2013,22:27,2419-002R.fit
01/04/2013,22:32,2419-002G.fit
01/04/2013,22:37,2419-002B.fit
01/04/2013,22:07,2419-001R.fit
01/04/2013,22:12,2419-001G.fit
01/04/2013,22:17,2419-001B.fit
30/12/2014,15:16,2264HaStackddp.fit
30/12/2014,14:11,2264HaStack.fit
22/01/2015,21:17,2-001R.fit
23/01/2015,02:28,2-001L.fit
22/01/2015,21:22,2-001G.fit
22/01/2015,21:27,2-001B.fit
26/09/2014,15:17,2_3326x2504_Bin1x1_Temp-30C_ExpTime0ms.fit
02/03/2013,22:48,1st-RGB.fit
25/09/2014,03:04,1NGC7023-004R.fit
25/09/2014,03:09,1NGC7023-004G.fit
25/09/2014,03:14,1NGC7023-004B.fit
25/09/2014,02:39,1NGC7023-003R.fit
25/09/2014,02:44,1NGC7023-003G.fit
25/09/2014,02:49,1NGC7023-003B.fit
25/09/2014,02:13,1NGC7023-002R.fit
25/09/2014,02:18,1NGC7023-002G.fit
25/09/2014,02:23,1NGC7023-002B.fit
25/09/2014,01:48,1NGC7023-001R.fit
25/09/2014,01:53,1NGC7023-001G.fit
25/09/2014,01:58,1NGC7023-001B.fit
17/02/2013,23:16,1848Soul-004Ha.fit
17/02/2013,23:06,1848Soul-003SII.fit
17/02/2013,22:56,1848Soul-003OIII.fit
17/02/2013,22:45,1848Soul-003Ha.fit
17/02/2013,22:35,1848Soul-002SII.fit
17/02/2013,22:25,1848Soul-002OIII.fit
17/02/2013,22:15,1848Soul-002Ha.fit
17/02/2013,22:05,1848Soul-001SII.fit
17/02/2013,21:54,1848Soul-001OIII.fit
17/02/2013,21:44,1848Soul-001Ha.fit
20/02/2013,00:54,1848-005SII.fit
20/02/2013,00:34,1848-005OIII.fit
19/02/2013,23:53,1848-004SII.fit
19/02/2013,23:34,1848-004OIII.fit
19/02/2013,22:53,1848-003SII.fit
19/02/2013,22:33,1848-003OIII.fit
19/02/2013,21:53,1848-002SII.fit
19/02/2013,21:33,1848-002OIII.fit
19/02/2013,20:53,1848-001SII.fit
19/02/2013,20:33,1848-001OIII.fit
03/09/2014,13:26,155-006Ha.fit
03/09/2014,13:25,155-005Ha.fit
03/09/2014,13:25,155-004Ha.fit
03/09/2014,13:25,155-003Ha.fit
03/09/2014,13:26,155-002Ha.fit
22/02/2023,01:49,
